-- phpMyAdmin SQL Dump
-- version 4.9.7
-- https://www.phpmyadmin.net/
--
-- Host: localhost:3306
-- Generation Time: May 24, 2022 at 06:11 PM
-- Server version: 5.6.51-cll-lve
-- PHP Version: 7.3.32

SET SQL_MODE = "NO_AUTO_VALUE_ON_ZERO";
SET AUTOCOMMIT = 0;
START TRANSACTION;
SET time_zone = "+00:00";


/*!40101 SET @OLD_CHARACTER_SET_CLIENT=@@CHARACTER_SET_CLIENT */;
/*!40101 SET @OLD_CHARACTER_SET_RESULTS=@@CHARACTER_SET_RESULTS */;
/*!40101 SET @OLD_COLLATION_CONNECTION=@@COLLATION_CONNECTION */;
/*!40101 SET NAMES utf8mb4 */;

--
-- Database: `class`
--

-- --------------------------------------------------------

--
-- Table structure for table `doglog_animals`
--

CREATE TABLE `doglog_animals` (
  `id` int(13) NOT NULL,
  `user_id` int(64) NOT NULL,
  `name` varchar(64) NOT NULL,
  `breed` varchar(64) NOT NULL,
  `color` varchar(32) NOT NULL,
  `description` text NOT NULL,
  `img` varchar(256) NOT NULL,
  `date_create` datetime NOT NULL
) ENGINE=InnoDB DEFAULT CHARSET=latin1;

--
-- Dumping data for table `doglog_animals`
--

INSERT INTO `doglog_animals` (`id`, `user_id`, `name`, `breed`, `color`, `description`, `img`, `date_create`) VALUES
(1, 9, 'Polaria', 'pekingese', 'brown', 'Laborum minim ea adipisicing culpa laborum aliqua. Ullamco nisi veniam laboris officia deserunt deserunt amet et. Sit laborum et qui consectetur.', 'https://via.placeholder.com/400/934/fff/?text=Polaria', '2022-02-16 06:50:08'),
(2, 7, 'Anivet', 'bulldog', 'grey', 'Velit consectetur reprehenderit ex velit esse excepteur voluptate minim irure qui duis do duis. Esse do est commodo eu adipisicing sit culpa consequat nulla aute id. Dolore id irure ad ea reprehenderit.', 'https://via.placeholder.com/400/869/fff/?text=Anivet', '2022-02-02 06:43:22'),
(3, 9, 'Neurocell', 'retriever', 'brown', 'Dolore fugiat aute irure consequat quis magna voluptate ullamco officia do. Excepteur adipisicing officia anim minim officia cillum commodo ea non pariatur cupidatat est. Laboris aute eu id ipsum cupidatat aliqua ea cillum duis non esse.', 'https://via.placeholder.com/400/855/fff/?text=Neurocell', '2022-01-04 10:14:32'),
(4, 2, 'Ecstasia', 'poodle', 'grey', 'Eu velit proident cupidatat veniam tempor. Enim est ullamco in consequat sit exercitation aute id ad ex duis officia commodo. Non ad laboris in culpa do consectetur in ullamco.', 'https://via.placeholder.com/400/929/fff/?text=Ecstasia', '2022-02-25 07:05:51'),
(5, 3, 'Zuvy', 'retriever', 'grey', 'Cupidatat pariatur minim aliqua dolor nostrud id Lorem. Nulla eu sunt qui pariatur nisi laborum ex id sunt cupidatat irure. Dolore cupidatat amet adipisicing eu labore nulla sunt elit proident in.', 'https://via.placeholder.com/400/887/fff/?text=Zuvy', '2022-03-21 11:40:18'),
(7, 8, 'Fuelton', 'pekingese', 'brown', 'Aliqua deserunt aute dolore est nisi veniam aliqua reprehenderit velit ea veniam nulla magna sit. Pariatur ad amet anim ex laboris qui et esse consequat occaecat consequat. Elit sint culpa voluptate non commodo laborum aute id aliquip est velit.', 'https://via.placeholder.com/400/779/fff/?text=Fuelton', '2022-02-07 12:59:50'),
(8, 5, 'Sloganaut', 'retriever', 'grey', 'Minim laborum excepteur mollit consectetur esse deserunt sint quis deserunt consequat anim laboris esse et. Amet proident consectetur cupidatat veniam consequat excepteur quis sunt sunt nisi id veniam id. Nostrud aute ullamco consequat nulla.', 'https://via.placeholder.com/400/860/fff/?text=Sloganaut', '2022-04-17 01:48:44'),
(9, 6, 'Enaut', 'retriever', 'grey', 'Ex esse labore officia officia dolor veniam. Laboris tempor ad dolor nisi laborum occaecat mollit anim. Anim quis do aute Lorem culpa amet aliqua consectetur officia.', 'https://via.placeholder.com/400/819/fff/?text=Enaut', '2022-03-21 11:47:24'),
(10, 5, 'Isoplex', 'retriever', 'grey', 'Velit non esse sunt occaecat. Ut qui tempor Lorem reprehenderit nulla incididunt nulla mollit nostrud. Irure proident cupidatat nisi eu exercitation.', 'https://via.placeholder.com/400/916/fff/?text=Isoplex', '2022-01-05 02:43:00'),
(11, 3, 'Sequitur', 'pekingese', 'grey', 'Incididunt laboris sit consectetur Lorem excepteur qui amet. Nostrud deserunt id non laboris amet. Do ea ea in aute fugiat.', 'https://via.placeholder.com/400/936/fff/?text=Sequitur', '2022-04-10 08:38:13'),
(12, 3, 'Visalia', 'husky', 'brown', 'Duis esse duis esse aute consectetur sunt culpa sint incididunt et esse excepteur. Aliqua excepteur aliquip dolore mollit. Eu ex enim culpa voluptate irure id sit id qui eiusmod consequat ad ex ullamco.', 'https://via.placeholder.com/400/955/fff/?text=Visalia', '2022-04-21 03:05:58'),
(13, 6, 'Isoswitch', 'pekingese', 'brown', 'Nisi enim cillum ullamco quis aute reprehenderit fugiat. Cupidatat qui veniam anim Lorem veniam exercitation do consectetur in ipsum est ullamco. Consequat eiusmod anim dolore aute qui cupidatat proident ullamco.', 'https://via.placeholder.com/400/928/fff/?text=Isoswitch', '2022-04-19 02:18:01'),
(14, 4, 'Xumonk', 'husky', 'white', 'Quis ex et veniam qui laboris Lorem. Qui ullamco eiusmod aliqua ut aliqua qui commodo. Consequat nisi dolore consectetur id proident.', 'https://via.placeholder.com/400/763/fff/?text=Xumonk', '2022-01-22 02:28:19'),
(15, 7, 'Keengen', 'retriever', 'white', 'Fugiat Lorem dolore nostrud sint officia commodo aliqua sint reprehenderit. Anim culpa culpa labore aliqua esse do. Id ut ea ipsum elit et id irure tempor aliquip irure pariatur aliquip ipsum.', 'https://via.placeholder.com/400/855/fff/?text=Keengen', '2022-04-27 01:53:09'),
(16, 2, 'Marketoid', 'retriever', 'black', 'Incididunt qui nulla occaecat adipisicing amet id anim voluptate deserunt excepteur. Enim qui nostrud magna quis labore enim occaecat et aute culpa do voluptate. Id laborum labore labore enim labore in duis velit Lorem id non reprehenderit.', 'uploads/1652839239.3565_ferrariback.jpeg', '2022-01-17 02:43:04'),
(17, 5, 'Olympix', 'bulldog', 'grey', 'Eu adipisicing nostrud dolor deserunt deserunt ad exercitation fugiat nisi ad minim aliquip duis amet. Ad sit occaecat velit adipisicing. Lorem enim elit laboris incididunt enim.', 'https://via.placeholder.com/400/900/fff/?text=Olympix', '2022-04-19 05:47:40'),
(18, 7, 'Enerforce', 'pug', 'black', 'Mollit nulla aliqua magna ex. Velit anim incididunt ex commodo ut ea velit occaecat ipsum veniam. Consectetur aliqua eu proident non occaecat amet nulla incididunt culpa duis ut qui sit.', 'https://via.placeholder.com/400/908/fff/?text=Enerforce', '2022-02-19 04:36:37'),
(19, 3, 'Ovolo', 'pekingese', 'brown', 'Enim sint ullamco irure pariatur in. Eu eiusmod non adipisicing esse ipsum aliquip duis magna. Cillum tempor sint duis consectetur magna cupidatat anim anim pariatur aliquip eu nostrud.', 'https://via.placeholder.com/400/824/fff/?text=Ovolo', '2022-05-10 02:21:08'),
(20, 7, 'Centregy', 'poodle', 'white', 'Ullamco reprehenderit proident exercitation id voluptate sunt sint est. Cupidatat sit do sunt nostrud ullamco id cillum eiusmod nostrud. Qui velit ut qui ex proident laborum exercitation.', 'https://via.placeholder.com/400/903/fff/?text=Centregy', '2022-02-21 03:52:44'),
(21, 10, 'Zillactic', 'pekingese', 'brown', 'Id fugiat irure et reprehenderit nostrud magna ullamco enim in dolor consectetur Lorem elit in. Voluptate fugiat magna in ullamco sit adipisicing. Voluptate incididunt amet sunt quis consequat laborum commodo dolore irure exercitation enim.', 'https://via.placeholder.com/400/798/fff/?text=Zillactic', '2022-02-22 03:17:24'),
(22, 2, 'Norsul', 'pug', 'brown', 'Laboris sit elit est dolore ipsum et. Elit voluptate sint nulla laboris aute tempor esse. Nostrud eu anim pariatur sit sunt ullamco velit nisi qui ex.', 'https://via.placeholder.com/400/715/fff/?text=Norsul', '2022-04-14 07:59:11'),
(23, 1, 'Otherway', 'pekingese', 'black', 'Tempor culpa sunt incididunt esse consequat consequat id excepteur ut aliqua excepteur. Consectetur quis aute commodo mollit laborum nisi labore nisi. Est dolor laborum eu in esse ut sint commodo laboris.', 'https://via.placeholder.com/400/819/fff/?text=Otherway', '2022-01-04 03:59:25'),
(24, 3, 'Idealis', 'poodle', 'white', 'Veniam nostrud quis mollit qui occaecat ad labore proident consectetur enim veniam. Dolor exercitation aliqua incididunt proident mollit. Proident ullamco cillum laborum non tempor fugiat elit.', 'https://via.placeholder.com/400/985/fff/?text=Idealis', '2022-01-23 06:47:23'),
(25, 8, 'Unia', 'husky', 'black', 'Lorem dolore velit eu do culpa nulla. Irure exercitation qui ullamco tempor sint anim enim ea Lorem consequat occaecat sint quis nostrud. Occaecat exercitation ullamco esse adipisicing quis aute incididunt.', 'https://via.placeholder.com/400/874/fff/?text=Unia', '2022-03-26 01:39:18'),
(26, 7, 'Calcula', 'retriever', 'white', 'Voluptate et eu veniam ut reprehenderit Lorem ut incididunt enim consequat occaecat magna do duis. Ipsum incididunt ullamco incididunt veniam culpa quis aliqua commodo. Excepteur eiusmod nulla nostrud anim dolor.', 'https://via.placeholder.com/400/826/fff/?text=Calcula', '2022-03-24 04:46:54'),
(27, 3, 'Cuizine', 'bulldog', 'white', 'Adipisicing esse officia enim laboris deserunt et pariatur consectetur ea non elit id consectetur ullamco. Voluptate laboris incididunt veniam excepteur. Proident eu ea irure irure sint proident occaecat proident sunt aliquip labore.', 'https://via.placeholder.com/400/988/fff/?text=Cuizine', '2022-03-25 06:49:16'),
(28, 7, 'Pulze', 'poodle', 'white', 'Pariatur cupidatat minim voluptate officia amet irure minim. Nostrud proident eiusmod occaecat veniam nostrud reprehenderit ipsum ipsum sunt eu laboris tempor aliqua. Velit minim velit velit id aliquip culpa.', 'https://via.placeholder.com/400/727/fff/?text=Pulze', '2022-05-02 07:01:47'),
(30, 2, 'Musaphics', 'pug', 'brown', 'Laboris eu velit laborum labore dolore culpa laboris est ullamco aute irure adipisicing magna. Lorem nisi laborum exercitation laboris consequat. Aute proident adipisicing adipisicing mollit id ullamco.', 'https://via.placeholder.com/400/990/fff/?text=Musaphics', '2022-02-23 12:44:42'),
(31, 10, 'Turnling', 'retriever', 'brown', 'Veniam est sunt id dolore ex veniam id laborum magna magna nostrud. Eiusmod dolore dolore id ipsum veniam dolor exercitation ea voluptate tempor veniam minim. Consectetur ullamco irure et officia et incididunt cillum eu commodo enim.', 'https://via.placeholder.com/400/975/fff/?text=Turnling', '2022-01-16 12:34:05'),
(32, 7, 'Konnect', 'pekingese', 'brown', 'Ex ipsum ipsum voluptate ut incididunt ipsum consectetur. Eiusmod labore laborum do eiusmod sint aliqua est nostrud magna est laborum esse. Et incididunt qui do voluptate aute ad non anim non.', 'https://via.placeholder.com/400/892/fff/?text=Konnect', '2022-01-07 09:56:56'),
(33, 5, 'Quailcom', 'bulldog', 'white', 'Et ut velit incididunt deserunt adipisicing amet aliqua non officia deserunt veniam reprehenderit exercitation. Culpa fugiat ex velit id esse fugiat anim. Incididunt veniam dolore dolor labore.', 'https://via.placeholder.com/400/862/fff/?text=Quailcom', '2022-02-26 07:40:32'),
(34, 1, 'Proflex', 'poodle', 'grey', 'Mollit esse proident dolore duis qui. Eu deserunt aute amet laborum reprehenderit magna dolore tempor deserunt incididunt aliquip et veniam ad. Consectetur dolor ipsum minim laborum laborum officia nulla.', 'https://via.placeholder.com/400/952/fff/?text=Proflex', '2022-04-24 05:07:32'),
(35, 7, 'Cemention', 'pekingese', 'brown', 'Nostrud enim duis labore magna. Sunt labore eiusmod adipisicing duis minim cupidatat commodo eu aute ad. Culpa cillum velit ipsum sint amet sint aliquip dolor ipsum.', 'https://via.placeholder.com/400/830/fff/?text=Cemention', '2022-01-09 07:20:59'),
(36, 1, 'Ginkogene', 'pug', 'white', 'Ea et aliquip esse velit veniam. Labore duis anim voluptate ex anim ullamco magna deserunt sint. Enim et consequat qui excepteur cupidatat est excepteur duis velit excepteur est voluptate.', 'https://via.placeholder.com/400/894/fff/?text=Ginkogene', '2022-04-19 03:23:25'),
(37, 6, 'Flyboyz', 'retriever', 'grey', 'Proident aute dolore esse aute ut dolor occaecat. Veniam dolor excepteur excepteur ad incididunt incididunt dolor laboris non adipisicing duis aute velit. Esse nostrud id ut tempor irure.', 'https://via.placeholder.com/400/946/fff/?text=Flyboyz', '2022-02-14 01:55:38'),
(38, 5, 'Ecosys', 'husky', 'black', 'Amet non adipisicing cupidatat voluptate anim commodo. Cillum aliqua enim mollit dolor amet ipsum pariatur veniam quis id. Minim veniam id sint occaecat laboris voluptate eiusmod commodo magna in aliquip incididunt.', 'https://via.placeholder.com/400/967/fff/?text=Ecosys', '2022-04-24 08:53:03'),
(39, 4, 'Zytrek', 'husky', 'grey', 'Lorem velit tempor elit quis exercitation in commodo deserunt quis consequat dolor ea ad. Exercitation esse labore nulla occaecat anim esse nostrud aute aute officia est in fugiat. Et non duis esse laborum tempor non excepteur deserunt.', 'https://via.placeholder.com/400/744/fff/?text=Zytrek', '2022-04-03 04:19:54'),
(40, 5, '', '', '', '', 'https://via.placeholder.com/400/875/fff/?text=Gazak', '2022-02-25 05:24:35'),
(41, 3, 'Concility', 'pug', 'grey', 'Id officia pariatur proident labore incididunt do aliquip eiusmod nisi nisi enim mollit. Lorem veniam fugiat excepteur cupidatat ex ipsum fugiat est. Est consectetur in ea non minim pariatur Lorem quis qui nisi.', 'https://via.placeholder.com/400/986/fff/?text=Concility', '2022-03-26 03:07:59'),
(42, 8, 'Deminimum', 'pekingese', 'black', 'Cillum ea voluptate tempor laboris. Cillum anim in reprehenderit minim. Ut mollit commodo occaecat quis labore nisi elit incididunt deserunt enim labore esse.', 'https://via.placeholder.com/400/939/fff/?text=Deminimum', '2022-01-11 03:30:41'),
(43, 2, 'Microluxe', 'poodle', 'grey', 'Eiusmod irure ex exercitation commodo dolore deserunt adipisicing irure tempor culpa elit cupidatat duis. Excepteur aliqua proident fugiat commodo et irure et nostrud labore reprehenderit culpa laborum reprehenderit. Dolore exercitation commodo proident occaecat.', 'https://via.placeholder.com/400/940/fff/?text=Microluxe', '2022-02-11 04:17:19'),
(45, 8, 'Kidgrease', 'retriever', 'grey', 'Aliqua laboris aliqua do culpa et elit anim Lorem culpa ad laborum reprehenderit. Eu ad ad aute laborum excepteur ullamco amet ad aute. Pariatur dolor qui minim commodo sunt.', 'https://via.placeholder.com/400/976/fff/?text=Kidgrease', '2022-02-15 10:30:49'),
(46, 5, 'Xurban', 'husky', 'white', 'Ad fugiat do anim amet. Laboris velit esse esse Lorem ad occaecat laborum consectetur. Nulla et eu irure incididunt.', 'https://via.placeholder.com/400/998/fff/?text=Xurban', '2022-01-03 12:16:30'),
(47, 1, 'Minga', 'retriever', 'brown', 'Minim sit labore mollit exercitation veniam eu. Veniam aliquip eiusmod amet cillum tempor duis qui aliquip. Ea esse veniam veniam aliquip ex non est in eiusmod Lorem labore ea laborum.', 'https://via.placeholder.com/400/901/fff/?text=Minga', '2022-02-07 07:55:07'),
(48, 3, 'Zilphur', 'pekingese', 'brown', 'Magna aliquip quis sit sunt cillum dolor. Adipisicing anim est do ex et minim dolor. Culpa quis minim incididunt sint ipsum consequat.', 'https://via.placeholder.com/400/809/fff/?text=Zilphur', '2022-02-28 03:19:18'),
(49, 6, 'Aquamate', 'retriever', 'black', 'Aliquip nisi exercitation quis voluptate fugiat aute elit. Id ex Lorem esse ullamco irure. Officia enim commodo labore irure aliquip ut.', 'https://via.placeholder.com/400/941/fff/?text=Aquamate', '2022-01-30 07:35:25'),
(50, 7, 'Skybold', 'husky', 'white', 'Esse excepteur quis qui dolor veniam quis id officia ex proident exercitation eiusmod culpa. Lorem aliqua nulla fugiat irure laborum sint anim mollit labore esse dolore fugiat et. Cupidatat irure esse ex aliqua irure magna commodo velit culpa excepteur sint.', 'https://via.placeholder.com/400/754/fff/?text=Skybold', '2022-01-01 04:34:46'),
(51, 4, 'Bob', 'Poodle', 'brown', 'fff', 'https://via.placeholder.com/400/?text=ANIMAL', '2022-05-10 16:15:14'),
(52, 12, 'Archie', 'Poodle', 'Apricot', 'Toy poodle', 'https://via.placeholder.com/400/?text=ANIMAL', '2022-05-10 18:49:20'),
(53, 13, 'Sambros', 'Frenchie', 'Black', 'New family dog', 'uploads/1652844280.6432_73d0170f-e971-4121-a6a8-a213c21e486e.JPG', '2022-05-17 19:29:07'),
(55, 13, 'Yoshi', 'Shiba', 'Brown', 'Doge', 'uploads/1652844465.1041_PHOTO-2022-05-17-20-08-06.jpg', '2022-05-17 20:08:58'),
(56, 13, 'Archie', 'Poodle', 'Apricot', 'Jan\'s dog', 'uploads/1652844476.072_archie.jpg', '2022-05-17 20:25:00'),
(57, 13, 'Wasabi', 'Pekingese', 'Brown', 'Dog show winner', 'uploads/1652844509.3759_04466d93-91c4-4783-b80d-cfcf27529d62.JPG', '2022-05-17 20:28:21'),
(58, 13, 'Bob', 'Pitbull', 'White/Brown', 'Fat boi', 'uploads/1652844550.3402_b6dba9b3-7120-4691-9711-e92496fa95cb.JPG', '2022-05-17 20:28:58'),
(59, 14, 'Archie', 'Toy poodle', 'Apricot', '10 years old', 'uploads/1653328491.874_0201FEEE-D4D7-4D29-9586-436AC108081D.jpeg', '2022-05-23 10:49:18'),
(60, 14, 'Sambros', 'Frenchie', 'Black', '6 months', 'uploads/1653328568.6888_93FF42F2-49C9-44E2-897F-E023DF327965.jpeg', '2022-05-23 10:55:30'),
(61, 14, 'Andrew', 'Human', 'Yellow', '5’9”', 'uploads/1653328693.7898_C4959112-EF49-4642-889A-711C9F1DF5F4.jpeg', '2022-05-23 10:57:57'),
(62, 14, 'Charlie', 'Cockapoo', 'Brown', '3 years old', 'https://via.placeholder.com/400/?text=ANIMAL', '2022-05-23 11:06:12'),
(63, 13, 'Casper', 'Pekingese', 'White', 'King Berber', 'uploads/1653335594.6062_IMG_9556.jpg', '2022-05-23 11:24:53'),
(64, 13, 'Barley', 'Poodle', 'White', 'serial humper', 'uploads/1653335484.4725_barley.jpg', '2022-05-23 11:25:13'),
(65, 13, 'Goma', 'Schnauzer', 'Grey', 'Crackhead', 'uploads/1653335495.5334_goma.jpg', '2022-05-23 11:25:38'),
(66, 13, 'Charlie', 'Poodle', 'Brown', 'good boi', 'uploads/1653335515.6421_charlie.jpg', '2022-05-23 11:26:03'),
(67, 15, 'doggy', 'idk', 'Black', 'hello', 'uploads/1653431018.0415_goma.jpg', '2022-05-24 15:23:26');

-- --------------------------------------------------------

--
-- Table structure for table `doglog_locations`
--

CREATE TABLE `doglog_locations` (
  `id` int(13) NOT NULL,
  `animal_id` int(13) NOT NULL,
  `lat` decimal(8,6) NOT NULL,
  `lng` decimal(9,6) NOT NULL,
  `description` text NOT NULL,
  `photo` varchar(256) NOT NULL,
  `icon` varchar(256) NOT NULL,
  `date_create` datetime NOT NULL
) ENGINE=InnoDB DEFAULT CHARSET=latin1;

--
-- Dumping data for table `doglog_locations`
--

INSERT INTO `doglog_locations` (`id`, `animal_id`, `lat`, `lng`, `description`, `photo`, `icon`, `date_create`) VALUES
(1, 33, 37.705566, -122.476114, 'Quis eu officia elit et. Id voluptate eu deserunt sit duis est deserunt cupidatat nulla quis minim do aute nostrud. Non elit amet veniam elit non sint reprehenderit laborum laborum officia Lorem velit.', 'https://via.placeholder.com/400/', 'https://via.placeholder.com/400/?text=ICON', '2022-02-05 02:05:10'),
(2, 44, 37.749380, -122.426254, 'Aliqua cillum in anim ex nulla deserunt amet qui nulla quis culpa. Adipisicing voluptate velit adipisicing culpa consequat. Tempor do ad labore dolore ea esse.', 'https://via.placeholder.com/400/', 'https://via.placeholder.com/400/?text=ICON', '2022-01-21 03:28:18'),
(3, 1, 37.730920, -122.425149, 'Et sunt ipsum officia cillum sit ex ea ea amet nulla. Esse eu mollit ullamco ut quis. Aute ad est consequat elit amet irure nisi ex laboris voluptate culpa in cupidatat.', 'https://via.placeholder.com/400/', 'https://via.placeholder.com/400/?text=ICON', '2022-03-10 10:03:16'),
(4, 3, 37.715318, -122.505389, 'Veniam velit et consectetur anim aliquip occaecat ex velit consequat dolore aliqua tempor tempor sunt. Eiusmod do consequat eu excepteur pariatur qui. Tempor consequat ex ad aute labore consequat adipisicing sit ut proident et voluptate in.', 'https://via.placeholder.com/400/', 'https://via.placeholder.com/400/?text=ICON', '2022-02-09 12:13:05'),
(5, 34, 37.728556, -122.436496, 'Eu sit proident laboris cupidatat quis aliquip nisi commodo. Nostrud occaecat duis minim consequat in tempor qui proident et tempor magna. Reprehenderit elit velit sunt minim dolore quis culpa sint Lorem ullamco reprehenderit cupidatat.', 'https://via.placeholder.com/400/', 'https://via.placeholder.com/400/?text=ICON', '2022-04-02 04:32:21'),
(6, 36, 37.692031, -122.412383, 'Nulla mollit sunt eu esse non. Consectetur eu cupidatat elit aliquip sunt et non esse adipisicing anim magna veniam nisi. Minim anim enim irure enim labore nisi fugiat sunt nulla.', 'https://via.placeholder.com/400/', 'https://via.placeholder.com/400/?text=ICON', '2022-04-05 09:15:29'),
(7, 10, 37.723423, -122.477553, 'Commodo voluptate non voluptate deserunt qui occaecat magna ipsum do et dolor cillum officia dolore. Aute ut reprehenderit aliquip occaecat minim aliqua minim enim do nulla voluptate ipsum mollit. Reprehenderit cillum qui ut eu consequat qui dolor duis aliqua consectetur.', 'https://via.placeholder.com/400/', 'https://via.placeholder.com/400/?text=ICON', '2022-04-13 08:24:21'),
(8, 1, 37.713622, -122.388546, 'Velit minim consectetur aliqua nulla nostrud veniam culpa mollit commodo ullamco fugiat eu. Sint dolore in dolore consequat culpa ullamco anim anim. Elit non eu ullamco ut duis nostrud.', 'https://via.placeholder.com/400/', 'https://via.placeholder.com/400/?text=ICON', '2022-02-24 07:25:53'),
(9, 12, 37.689124, -122.470342, 'Consectetur laborum laboris veniam cillum duis sit occaecat duis officia. Velit enim fugiat Lorem nostrud ex laborum incididunt exercitation dolor. Elit elit excepteur dolore tempor tempor ea adipisicing fugiat dolore irure reprehenderit fugiat.', 'https://via.placeholder.com/400/', 'https://via.placeholder.com/400/?text=ICON', '2022-01-15 07:09:36'),
(10, 6, 37.744983, -122.482386, 'Ut deserunt excepteur dolor labore sunt velit nulla est aute minim duis adipisicing ea excepteur. Aliqua excepteur culpa nulla tempor. In id Lorem magna sunt non nisi officia magna et dolore labore est.', 'https://via.placeholder.com/400/', 'https://via.placeholder.com/400/?text=ICON', '2022-05-09 03:34:50'),
(11, 26, 37.768694, -122.504006, 'Mollit cillum aute incididunt non labore reprehenderit excepteur est. Excepteur aute tempor anim aliqua ad anim exercitation veniam. Quis ut dolore et quis ipsum esse ullamco incididunt magna ea reprehenderit duis.', 'https://via.placeholder.com/400/', 'https://via.placeholder.com/400/?text=ICON', '2022-03-16 02:21:08'),
(12, 50, 37.789341, -122.484025, 'Esse labore culpa proident laborum dolor irure minim nostrud et nulla. Labore est voluptate exercitation elit non Lorem ex non sit veniam adipisicing ullamco consequat. Anim aute in voluptate qui sunt nostrud nostrud et cupidatat.', 'https://via.placeholder.com/400/', 'https://via.placeholder.com/400/?text=ICON', '2022-01-12 05:54:38'),
(13, 2, 37.737988, -122.416622, 'Reprehenderit tempor id labore eu enim ad occaecat nisi labore do ut enim. Ipsum dolor amet in aliquip elit veniam. Est id ad dolor ea ea enim officia in pariatur amet ex fugiat do.', 'https://via.placeholder.com/400/', 'https://via.placeholder.com/400/?text=ICON', '2022-05-05 08:30:50'),
(14, 21, 37.789273, -122.476848, 'Magna qui ullamco culpa cupidatat sunt sunt officia enim exercitation proident est cupidatat sit reprehenderit. Dolore non in occaecat sunt dolor do nostrud dolor. Pariatur in sint laborum officia minim laborum anim enim.', 'https://via.placeholder.com/400/', 'https://via.placeholder.com/400/?text=ICON', '2022-02-15 07:34:35'),
(15, 34, 37.779745, -122.471652, 'Esse sint aliqua proident Lorem amet reprehenderit nisi aliqua pariatur labore consequat pariatur. Adipisicing et aliquip non excepteur Lorem velit ut. Excepteur id sit irure adipisicing non eu deserunt quis culpa nisi elit magna ut.', 'https://via.placeholder.com/400/', 'https://via.placeholder.com/400/?text=ICON', '2022-01-25 11:57:09'),
(16, 15, 37.742948, -122.455722, 'Ut eiusmod sunt sit anim aliquip anim veniam non cillum proident nostrud. Dolore dolor ut nostrud veniam dolore magna pariatur exercitation. Magna ex et eu consequat.', 'https://via.placeholder.com/400/', 'https://via.placeholder.com/400/?text=ICON', '2022-03-11 03:37:01'),
(17, 4, 37.789432, -122.463446, 'Tempor id aliqua in minim anim deserunt commodo adipisicing laboris ea. Ea in incididunt Lorem et ea nisi amet irure duis laboris. Magna ex id ut nostrud quis incididunt nostrud duis culpa.', 'https://via.placeholder.com/400/', 'https://via.placeholder.com/400/?text=ICON', '2022-01-29 01:46:35'),
(18, 35, 37.719319, -122.409306, 'Veniam duis in nulla consequat officia Lorem eu amet. Ullamco incididunt excepteur consectetur id velit commodo laborum aute esse. Reprehenderit exercitation officia incididunt occaecat ut incididunt.', 'https://via.placeholder.com/400/', 'https://via.placeholder.com/400/?text=ICON', '2022-03-12 02:32:58'),
(19, 50, 37.757353, -122.393829, 'In laboris eu consectetur sunt dolore ut. Adipisicing anim sint quis et officia ullamco. Ea ut commodo amet quis id.', 'https://via.placeholder.com/400/', 'https://via.placeholder.com/400/?text=ICON', '2022-04-21 02:43:37'),
(20, 50, 37.734017, -122.449438, 'Exercitation cupidatat enim ullamco velit anim excepteur laborum. Minim qui proident tempor excepteur et culpa. Incididunt elit sunt culpa velit occaecat incididunt sint.', 'https://via.placeholder.com/400/', 'https://via.placeholder.com/400/?text=ICON', '2022-03-07 12:04:32'),
(21, 8, 37.766640, -122.473200, 'Ut esse aute nostrud et pariatur adipisicing qui eu ea duis esse in. Nostrud ipsum minim proident sint nulla do occaecat tempor pariatur excepteur. Cupidatat consectetur adipisicing minim commodo sint tempor eiusmod non est amet.', 'https://via.placeholder.com/400/', 'https://via.placeholder.com/400/?text=ICON', '2022-02-23 11:04:56'),
(22, 26, 37.785531, -122.488922, 'Dolor id excepteur cupidatat anim sit do ad ut quis irure. Pariatur minim fugiat cillum in commodo consectetur officia reprehenderit qui eiusmod nostrud pariatur voluptate. Labore elit reprehenderit tempor sint amet.', 'https://via.placeholder.com/400/', 'https://via.placeholder.com/400/?text=ICON', '2022-02-27 05:09:37'),
(23, 15, 37.721791, -122.456857, 'Culpa Lorem incididunt cillum esse irure anim elit reprehenderit voluptate dolore mollit. Adipisicing fugiat nulla ex irure consequat ad amet ad ipsum ut proident consectetur. Laboris laboris laborum quis irure duis culpa magna tempor.', 'https://via.placeholder.com/400/', 'https://via.placeholder.com/400/?text=ICON', '2022-02-10 07:14:05'),
(24, 3, 37.753882, -122.458203, 'Tempor magna ex incididunt non est voluptate nostrud. Irure do do Lorem laboris ullamco. Mollit est deserunt dolor enim ipsum ut ipsum.', 'https://via.placeholder.com/400/', 'https://via.placeholder.com/400/?text=ICON', '2022-04-14 08:44:25'),
(25, 33, 37.742398, -122.426215, 'In nostrud ex laboris dolor anim tempor. Nisi nulla commodo consectetur aliqua aliqua non ut sint incididunt mollit. Mollit pariatur exercitation ea cupidatat.', 'https://via.placeholder.com/400/', 'https://via.placeholder.com/400/?text=ICON', '2022-01-17 11:17:42'),
(26, 18, 37.754430, -122.426730, 'Cillum exercitation in ex proident ullamco cupidatat. Tempor reprehenderit cupidatat est do reprehenderit. Duis minim sint deserunt velit ea occaecat fugiat id dolor labore sunt eiusmod pariatur.', 'https://via.placeholder.com/400/', 'https://via.placeholder.com/400/?text=ICON', '2022-05-08 05:33:05'),
(27, 15, 37.784575, -122.422718, 'Cillum nisi proident voluptate amet et nisi aliquip velit eiusmod est deserunt. Voluptate voluptate consequat consectetur aliquip proident elit. Cillum quis veniam occaecat occaecat consequat non ad id nulla voluptate elit commodo.', 'https://via.placeholder.com/400/', 'https://via.placeholder.com/400/?text=ICON', '2022-04-04 07:02:21'),
(28, 6, 37.797337, -122.416435, 'Exercitation laboris elit id labore non nostrud minim occaecat. Et aute sunt ipsum labore non ea enim ut id enim aute proident nisi. Aute ex tempor in sit cillum minim do sit.', 'https://via.placeholder.com/400/', 'https://via.placeholder.com/400/?text=ICON', '2022-03-12 09:16:46'),
(29, 37, 37.791656, -122.473040, 'Enim exercitation officia labore deserunt ut fugiat sint quis aliquip ad laboris minim veniam cupidatat. Ea nisi aliqua duis dolore voluptate amet ipsum minim commodo dolore veniam. Ad commodo et incididunt non mollit consectetur eiusmod ex irure culpa duis minim.', 'https://via.placeholder.com/400/', 'https://via.placeholder.com/400/?text=ICON', '2022-01-23 07:51:35'),
(30, 16, 37.742288, -122.482269, 'Aliquip fugiat pariatur labore deserunt laborum. Amet consectetur nostrud pariatur cillum aliquip. Exercitation nulla pariatur fugiat consectetur velit.', 'https://via.placeholder.com/400/', 'https://via.placeholder.com/400/?text=ICON', '2022-01-14 04:40:33'),
(31, 46, 37.774528, -122.485416, 'Sit Lorem enim duis proident ea minim ipsum Lorem. Consequat qui culpa laborum cillum amet. Veniam et commodo ut in aliqua laborum aute reprehenderit velit nulla non et ea.', 'https://via.placeholder.com/400/', 'https://via.placeholder.com/400/?text=ICON', '2022-02-05 02:54:49'),
(32, 22, 37.750056, -122.409896, 'Nulla excepteur dolor dolore aute nulla aliquip anim ex est esse mollit. Esse ut laboris ullamco incididunt duis. Officia eu enim irure est laboris Lorem voluptate.', 'https://via.placeholder.com/400/', 'https://via.placeholder.com/400/?text=ICON', '2022-04-04 04:49:58'),
(33, 37, 37.786713, -122.479449, 'Culpa excepteur adipisicing ullamco nisi irure est dolore do ut occaecat eu. Nostrud in et do et do officia ad. Aliquip dolor elit excepteur Lorem eiusmod exercitation nostrud nostrud amet amet.', 'https://via.placeholder.com/400/', 'https://via.placeholder.com/400/?text=ICON', '2022-02-09 03:29:38'),
(34, 6, 37.799355, -122.397311, 'Anim enim nulla elit velit aliqua sunt nisi aliquip aliqua ipsum adipisicing cupidatat voluptate consectetur. Sunt in minim adipisicing voluptate est nostrud proident eu enim. Voluptate cupidatat veniam est incididunt voluptate culpa fugiat amet fugiat commodo sunt cillum culpa.', 'https://via.placeholder.com/400/', 'https://via.placeholder.com/400/?text=ICON', '2022-02-10 02:47:52'),
(35, 34, 37.723470, -122.503865, 'Quis cillum anim voluptate nisi et sit duis pariatur. Excepteur sit do officia deserunt. Occaecat aliqua consequat cillum ullamco voluptate sint ea tempor nisi enim laborum dolor ea.', 'https://via.placeholder.com/400/', 'https://via.placeholder.com/400/?text=ICON', '2022-03-16 03:58:58'),
(36, 37, 37.741202, -122.445686, 'Ea labore laborum esse pariatur ex nostrud id quis enim ad tempor. Sint consequat amet deserunt irure non pariatur in id ea minim elit occaecat consequat. Deserunt nulla adipisicing tempor Lorem officia sint id mollit veniam do cillum proident id.', 'https://via.placeholder.com/400/', 'https://via.placeholder.com/400/?text=ICON', '2022-03-17 12:47:20'),
(37, 21, 37.736842, -122.432871, 'Id et veniam dolore proident. Incididunt cupidatat occaecat ad qui esse esse commodo mollit non. Duis et qui veniam veniam cillum.', 'https://via.placeholder.com/400/', 'https://via.placeholder.com/400/?text=ICON', '2022-01-06 06:21:37'),
(38, 9, 37.760456, -122.439455, 'Occaecat qui tempor adipisicing voluptate non dolor ipsum enim velit sunt non. Labore minim id consequat sunt magna. Amet sit ad commodo voluptate ut id consequat ad laborum voluptate duis ea.', 'https://via.placeholder.com/400/', 'https://via.placeholder.com/400/?text=ICON', '2022-02-22 03:01:34'),
(39, 43, 37.714358, -122.473288, 'Fugiat pariatur occaecat ipsum cillum ipsum commodo ex pariatur officia nulla ad reprehenderit eiusmod sunt. Nulla voluptate ex aliquip voluptate qui proident ut est do officia excepteur et consectetur ut. Adipisicing velit enim id commodo ut laboris.', 'https://via.placeholder.com/400/', 'https://via.placeholder.com/400/?text=ICON', '2022-02-14 11:57:02'),
(40, 20, 37.732407, -122.411488, 'Eiusmod excepteur officia duis consectetur fugiat id eu consectetur. Tempor aute Lorem aliquip id sint aliqua ea. Voluptate reprehenderit officia mollit et cillum culpa sint ipsum sit velit occaecat ullamco officia.', 'https://via.placeholder.com/400/', 'https://via.placeholder.com/400/?text=ICON', '2022-03-12 10:41:52'),
(41, 48, 37.737479, -122.435003, 'Officia sit cillum ullamco excepteur est consectetur qui ea cupidatat incididunt. Non amet et proident sit sit esse labore. Dolore adipisicing exercitation laborum ex dolor consequat officia.', 'https://via.placeholder.com/400/', 'https://via.placeholder.com/400/?text=ICON', '2022-03-09 04:09:49'),
(42, 48, 37.704327, -122.399284, 'Et eu mollit dolor consequat. In aliquip dolore aliquip anim laborum laborum. Dolore fugiat mollit incididunt aute sunt exercitation ullamco do nulla irure magna consectetur occaecat in.', 'https://via.placeholder.com/400/', 'https://via.placeholder.com/400/?text=ICON', '2022-04-06 07:02:01'),
(43, 13, 37.787997, -122.387977, 'Sunt deserunt exercitation duis dolor est occaecat velit ex aute elit esse. Aliquip ullamco ad adipisicing ut. Deserunt culpa cillum ad minim deserunt eiusmod dolore dolore eu mollit fugiat eiusmod eu.', 'https://via.placeholder.com/400/', 'https://via.placeholder.com/400/?text=ICON', '2022-04-17 06:33:39'),
(44, 18, 37.795824, -122.416181, 'Et non minim magna ex fugiat exercitation eu eu sunt. Quis qui cupidatat anim deserunt fugiat do. In ad cillum do amet consectetur ad occaecat ipsum.', 'https://via.placeholder.com/400/', 'https://via.placeholder.com/400/?text=ICON', '2022-04-06 03:47:05'),
(45, 3, 37.759873, -122.401282, 'Culpa sunt ullamco excepteur do ea tempor aute quis. Fugiat mollit et exercitation labore irure aliqua ipsum et in ullamco ipsum exercitation in. Eu ipsum exercitation quis sunt veniam ipsum amet duis consectetur dolor aliqua ea.', 'https://via.placeholder.com/400/', 'https://via.placeholder.com/400/?text=ICON', '2022-04-21 09:43:31'),
(46, 31, 37.774166, -122.436704, 'Eiusmod ipsum sit velit consectetur. Do reprehenderit enim minim adipisicing aute mollit nisi consectetur excepteur. Non cupidatat pariatur proident aliquip sint fugiat fugiat qui Lorem nostrud.', 'https://via.placeholder.com/400/', 'https://via.placeholder.com/400/?text=ICON', '2022-03-13 04:46:56'),
(47, 50, 37.766565, -122.393920, 'Incididunt incididunt in Lorem ex magna esse incididunt do fugiat dolore excepteur officia culpa. Reprehenderit voluptate sit nisi eiusmod eiusmod veniam in tempor. Adipisicing adipisicing mollit mollit dolor dolor.', 'https://via.placeholder.com/400/', 'https://via.placeholder.com/400/?text=ICON', '2022-01-15 04:05:21'),
(48, 44, 37.768456, -122.496593, 'Ad laborum commodo adipisicing ut pariatur. Nostrud est veniam nulla cillum. Enim aliquip occaecat deserunt enim adipisicing est incididunt cupidatat irure magna deserunt.', 'https://via.placeholder.com/400/', 'https://via.placeholder.com/400/?text=ICON', '2022-01-24 04:55:54'),
(49, 32, 37.714713, -122.475403, 'Cillum cupidatat laboris exercitation consectetur ex consequat ea duis irure eiusmod magna sit. Officia dolore enim proident et nulla. Elit ipsum aliqua irure esse dolor duis sunt minim ea tempor enim fugiat.', 'https://via.placeholder.com/400/', 'https://via.placeholder.com/400/?text=ICON', '2022-04-09 06:39:52'),
(50, 43, 37.739495, -122.498124, 'Amet sunt esse sunt amet enim do enim ad minim aliqua enim ut. Culpa incididunt ullamco aliquip officia est quis pariatur cillum sunt irure ullamco. Nulla non eu mollit occaecat.', 'https://via.placeholder.com/400/', 'https://via.placeholder.com/400/?text=ICON', '2022-02-24 06:09:08'),
(51, 39, 37.712018, -122.452717, 'Magna cupidatat Lorem adipisicing eiusmod laborum ipsum consectetur laborum excepteur officia est commodo fugiat sunt. Velit qui incididunt eiusmod ea cillum consequat officia dolor magna irure qui. Commodo velit do sit dolore et officia.', 'https://via.placeholder.com/400/', 'https://via.placeholder.com/400/?text=ICON', '2022-03-25 03:36:11'),
(52, 29, 37.798560, -122.394265, 'Consectetur adipisicing consequat esse deserunt tempor deserunt sint ullamco ipsum laboris. Ullamco minim aliquip labore laboris enim ut magna tempor. Incididunt sit incididunt dolore ea ea deserunt consequat proident minim.', 'https://via.placeholder.com/400/', 'https://via.placeholder.com/400/?text=ICON', '2022-01-18 10:56:23'),
(53, 34, 37.697427, -122.486310, 'Consectetur sint nostrud minim aliqua ex excepteur consequat labore ullamco adipisicing cupidatat. Tempor ipsum fugiat ut pariatur cupidatat aliquip exercitation reprehenderit excepteur officia eiusmod amet voluptate eiusmod. Cillum deserunt sunt ex sunt nostrud voluptate velit et id nostrud labore duis.', 'https://via.placeholder.com/400/', 'https://via.placeholder.com/400/?text=ICON', '2022-02-17 10:41:11'),
(54, 10, 37.709852, -122.411382, 'Laboris eiusmod et ullamco esse. Sunt eiusmod ipsum excepteur Lorem deserunt. Nulla ex minim proident ipsum id et occaecat magna labore.', 'https://via.placeholder.com/400/', 'https://via.placeholder.com/400/?text=ICON', '2022-02-11 05:59:00'),
(55, 12, 37.793836, -122.491406, 'Deserunt aute non ea officia. Non magna cupidatat non mollit officia in aliqua minim eu incididunt ad fugiat. Laborum sint do quis minim laborum cillum.', 'https://via.placeholder.com/400/', 'https://via.placeholder.com/400/?text=ICON', '2022-02-11 10:50:48'),
(56, 17, 37.689624, -122.499314, 'Cillum incididunt nulla dolor ullamco eu consectetur consequat dolor dolor sunt. Irure eiusmod reprehenderit aute dolor labore excepteur qui laboris. Anim est elit amet elit sint aliquip.', 'https://via.placeholder.com/400/', 'https://via.placeholder.com/400/?text=ICON', '2022-01-03 02:12:09'),
(57, 32, 37.705640, -122.493836, 'Ut dolor voluptate amet officia ad consectetur tempor adipisicing minim aliqua deserunt. Eiusmod nisi do in excepteur ullamco officia est voluptate commodo anim ea. Duis voluptate amet est ullamco velit ea.', 'https://via.placeholder.com/400/', 'https://via.placeholder.com/400/?text=ICON', '2022-05-01 02:32:23'),
(58, 16, 37.784673, -122.439191, 'Labore laboris ut ullamco minim exercitation veniam aute aliquip. Ad Lorem Lorem fugiat fugiat Lorem pariatur Lorem dolor sit quis. Sunt et deserunt pariatur aute est ullamco sunt proident proident.', 'https://via.placeholder.com/400/', 'https://via.placeholder.com/400/?text=ICON', '2022-03-18 06:47:58'),
(59, 2, 37.742386, -122.486164, 'Nisi nisi nisi commodo cillum in deserunt do cillum excepteur veniam amet do mollit nisi. Mollit nisi do eu culpa. Veniam eiusmod nulla sunt voluptate ipsum.', 'https://via.placeholder.com/400/', 'https://via.placeholder.com/400/?text=ICON', '2022-03-07 02:23:28'),
(60, 34, 37.796369, -122.437488, 'Exercitation proident fugiat adipisicing proident mollit aute. Consequat Lorem proident esse officia sunt culpa cupidatat amet exercitation cillum. Officia in pariatur consectetur commodo ullamco enim eiusmod cillum ullamco culpa.', 'https://via.placeholder.com/400/', 'https://via.placeholder.com/400/?text=ICON', '2022-04-26 12:42:32'),
(61, 4, 37.701047, -122.457436, 'Culpa adipisicing sit quis Lorem anim occaecat aute tempor quis sit qui nulla. Deserunt consequat ut labore dolore. Non esse nostrud sint exercitation culpa ea labore cillum aliquip Lorem consequat.', 'https://via.placeholder.com/400/', 'https://via.placeholder.com/400/?text=ICON', '2022-03-18 06:47:41'),
(62, 38, 37.698810, -122.426379, 'Dolore deserunt eiusmod sint non eu occaecat incididunt culpa mollit. Ullamco ad et ipsum pariatur pariatur pariatur proident sint. Dolor anim id ipsum aliqua cillum minim.', 'https://via.placeholder.com/400/', 'https://via.placeholder.com/400/?text=ICON', '2022-02-14 06:41:45'),
(63, 42, 37.689360, -122.413391, 'Ipsum dolor do reprehenderit deserunt aliquip sint et fugiat non ullamco anim. Adipisicing dolor non aliquip mollit aliqua cillum et in. Incididunt est incididunt duis excepteur consectetur laboris tempor consectetur occaecat laborum ex nisi sit.', 'https://via.placeholder.com/400/', 'https://via.placeholder.com/400/?text=ICON', '2022-03-30 12:24:50'),
(64, 4, 37.711934, -122.405549, 'Reprehenderit ullamco sunt do minim. Tempor ea aliqua ut sint minim aliqua labore irure. Aliqua laborum magna enim ipsum id exercitation culpa incididunt adipisicing cupidatat.', 'https://via.placeholder.com/400/', 'https://via.placeholder.com/400/?text=ICON', '2022-04-09 01:42:31'),
(65, 16, 37.781056, -122.455731, 'Esse excepteur cillum ipsum id. Dolore veniam nostrud labore adipisicing deserunt. Sit Lorem aliqua quis nostrud ad aliquip fugiat deserunt occaecat.', 'https://via.placeholder.com/400/', 'https://via.placeholder.com/400/?text=ICON', '2022-03-17 01:48:36'),
(66, 35, 37.789555, -122.460307, 'Aute ex elit consequat voluptate officia in pariatur est dolor est ex velit. Elit id in do commodo dolor nostrud aliqua. Incididunt aliqua eu labore consequat nostrud et Lorem excepteur tempor aliqua exercitation nulla in.', 'https://via.placeholder.com/400/', 'https://via.placeholder.com/400/?text=ICON', '2022-03-01 02:56:40'),
(67, 31, 37.703915, -122.473197, 'Veniam occaecat ipsum ullamco ipsum. Irure tempor ad sit anim magna cupidatat. Magna et quis voluptate exercitation cillum cillum consequat laboris consequat anim id esse Lorem id.', 'https://via.placeholder.com/400/', 'https://via.placeholder.com/400/?text=ICON', '2022-02-20 06:07:54'),
(68, 21, 37.771594, -122.464704, 'Laboris proident laboris mollit quis ea cillum sit duis. Eu aliqua dolore quis in incididunt. Aute reprehenderit fugiat adipisicing occaecat ullamco velit amet aliquip id sit.', 'https://via.placeholder.com/400/', 'https://via.placeholder.com/400/?text=ICON', '2022-01-13 09:55:55'),
(69, 43, 37.730163, -122.423094, 'Tempor tempor culpa exercitation officia laboris mollit enim. Commodo sint irure anim voluptate incididunt anim non ex. Consequat Lorem pariatur incididunt sunt Lorem exercitation.', 'https://via.placeholder.com/400/', 'https://via.placeholder.com/400/?text=ICON', '2022-03-24 04:40:55'),
(70, 28, 37.761040, -122.492199, 'Pariatur cupidatat consequat do excepteur aliqua culpa aliqua nulla. Proident ipsum consectetur laborum ex do proident sit cupidatat mollit dolor labore. Labore amet culpa id culpa reprehenderit ex Lorem nulla velit laboris.', 'https://via.placeholder.com/400/', 'https://via.placeholder.com/400/?text=ICON', '2022-01-19 01:44:44'),
(71, 36, 37.765108, -122.501784, 'Do sunt qui minim enim non. Commodo commodo ullamco cillum elit ad pariatur reprehenderit consectetur minim. Eu cupidatat aliquip cillum laborum ex eiusmod do do amet irure sint eu magna.', 'https://via.placeholder.com/400/', 'https://via.placeholder.com/400/?text=ICON', '2022-05-07 04:48:18'),
(72, 33, 37.754190, -122.486883, 'Commodo duis non minim do deserunt deserunt voluptate officia. Voluptate elit ex nostrud officia irure ex qui. Velit qui et laboris nulla elit nostrud officia sint cillum.', 'https://via.placeholder.com/400/', 'https://via.placeholder.com/400/?text=ICON', '2022-02-05 10:03:16'),
(73, 39, 37.801967, -122.436244, 'Ut dolor nostrud duis excepteur exercitation ad nulla tempor eu mollit. Velit et consectetur eiusmod incididunt cillum sunt aliquip ullamco velit exercitation laborum minim deserunt dolor. Velit velit eu enim elit aliqua ea eu officia.', 'https://via.placeholder.com/400/', 'https://via.placeholder.com/400/?text=ICON', '2022-01-05 09:31:27'),
(74, 39, 37.710948, -122.503466, 'Exercitation ex nulla sit anim esse adipisicing. Qui adipisicing ipsum minim Lorem pariatur fugiat ullamco. Proident magna culpa culpa dolore ullamco ullamco dolore cupidatat voluptate eu est.', 'https://via.placeholder.com/400/', 'https://via.placeholder.com/400/?text=ICON', '2022-04-06 09:05:25'),
(75, 8, 37.700301, -122.433185, 'Ex non quis dolor excepteur dolor consequat. Proident anim eiusmod ea pariatur occaecat. Laborum est eiusmod id commodo non.', 'https://via.placeholder.com/400/', 'https://via.placeholder.com/400/?text=ICON', '2022-01-10 03:15:37'),
(76, 15, 37.799934, -122.480091, 'Adipisicing anim ullamco eiusmod nostrud ut. In nulla id do consectetur voluptate aliqua aliquip aliquip velit ad eu nulla aute. Tempor elit sit ea dolor sit eu duis deserunt laborum incididunt consequat.', 'https://via.placeholder.com/400/', 'https://via.placeholder.com/400/?text=ICON', '2022-03-08 05:51:02'),
(77, 45, 37.707048, -122.460678, 'Nisi nulla eiusmod amet cillum mollit est elit velit occaecat excepteur enim. Enim sit velit sunt enim. Consequat dolore aute non do dolor quis qui culpa nostrud consequat aliquip aute non qui.', 'https://via.placeholder.com/400/', 'https://via.placeholder.com/400/?text=ICON', '2022-03-31 05:08:51'),
(78, 17, 37.721360, -122.433987, 'Consequat aliqua laborum est culpa non velit laborum id eiusmod. Dolor minim consequat labore ex ullamco aute ipsum eiusmod magna voluptate adipisicing officia est. Fugiat sit incididunt sunt culpa voluptate duis aliquip nulla sint reprehenderit.', 'https://via.placeholder.com/400/', 'https://via.placeholder.com/400/?text=ICON', '2022-01-03 09:57:57'),
(79, 4, 37.731752, -122.475845, 'Deserunt anim aliquip nostrud sit reprehenderit laborum officia. Laboris aliquip non qui sunt esse proident aliquip ipsum ipsum ut anim. Pariatur id dolor aute voluptate sunt ex esse ut anim do proident.', 'https://via.placeholder.com/400/', 'https://via.placeholder.com/400/?text=ICON', '2022-04-26 10:18:24'),
(80, 22, 37.697512, -122.410945, 'Commodo excepteur excepteur quis adipisicing et. Cupidatat anim amet dolore aute. Incididunt in fugiat aliquip ea est ea amet quis proident enim ad et aliqua.', 'https://via.placeholder.com/400/', 'https://via.placeholder.com/400/?text=ICON', '2022-03-22 07:07:59'),
(81, 6, 37.729552, -122.442729, 'Non quis cupidatat nostrud non culpa fugiat ullamco aliqua aute proident minim culpa. In in in reprehenderit fugiat. Magna pariatur adipisicing minim ullamco sit.', 'https://via.placeholder.com/400/', 'https://via.placeholder.com/400/?text=ICON', '2022-02-08 08:24:45'),
(82, 24, 37.790132, -122.500271, 'Qui dolore pariatur mollit aute proident excepteur officia labore Lorem. Dolor fugiat qui deserunt excepteur reprehenderit eiusmod aliquip eu proident. Tempor elit et esse irure.', 'https://via.placeholder.com/400/', 'https://via.placeholder.com/400/?text=ICON', '2022-04-18 12:20:11'),
(83, 38, 37.791164, -122.489307, 'Ad amet ullamco incididunt officia ut aliquip. Duis anim occaecat aliquip deserunt anim ullamco dolore laborum culpa id irure incididunt pariatur. Ullamco officia exercitation amet magna magna exercitation duis Lorem esse dolore.', 'https://via.placeholder.com/400/', 'https://via.placeholder.com/400/?text=ICON', '2022-04-25 08:16:03'),
(84, 37, 37.724707, -122.440025, 'Culpa commodo in mollit laboris nostrud pariatur sit occaecat. Non sit ex dolor duis est elit esse elit adipisicing. Nulla enim occaecat cupidatat ea qui magna ea enim non.', 'https://via.placeholder.com/400/', 'https://via.placeholder.com/400/?text=ICON', '2022-03-22 11:49:15'),
(85, 41, 37.755544, -122.398897, 'Fugiat ex labore incididunt veniam reprehenderit sunt fugiat. Est veniam culpa non eiusmod duis anim eiusmod consequat ullamco velit duis. Deserunt anim sit ad incididunt amet laboris cupidatat sit enim aute.', 'https://via.placeholder.com/400/', 'https://via.placeholder.com/400/?text=ICON', '2022-04-06 03:13:31'),
(86, 35, 37.765686, -122.459560, 'Minim et reprehenderit consectetur quis do quis nostrud ipsum nostrud nostrud voluptate veniam sunt. Pariatur ullamco do fugiat mollit. Id ullamco sunt deserunt officia incididunt do dolore laborum adipisicing adipisicing.', 'https://via.placeholder.com/400/', 'https://via.placeholder.com/400/?text=ICON', '2022-05-02 02:12:39'),
(87, 3, 37.752820, -122.485081, 'Do minim id aliquip proident sit ea do nostrud occaecat non. Reprehenderit eiusmod proident id labore adipisicing do eiusmod non veniam enim ea ipsum. Veniam labore ad sunt ullamco excepteur tempor adipisicing nostrud nostrud minim excepteur ad dolore.', 'https://via.placeholder.com/400/', 'https://via.placeholder.com/400/?text=ICON', '2022-02-27 09:16:31'),
(88, 31, 37.759765, -122.466922, 'Ex in irure dolor consectetur veniam nostrud Lorem. Pariatur ipsum ex quis ex laboris quis quis exercitation reprehenderit anim. Est sunt proident minim velit cupidatat commodo excepteur sint veniam exercitation laboris.', 'https://via.placeholder.com/400/', 'https://via.placeholder.com/400/?text=ICON', '2022-02-21 11:55:30'),
(89, 13, 37.744544, -122.388763, 'Aute esse aliqua dolor proident excepteur magna officia. In commodo aute esse occaecat aliqua veniam eu laboris consequat. Id velit cillum irure aliqua aute.', 'https://via.placeholder.com/400/', 'https://via.placeholder.com/400/?text=ICON', '2022-03-27 01:06:27'),
(90, 31, 37.779132, -122.497726, 'Consequat mollit quis cillum esse reprehenderit veniam. Incididunt proident anim excepteur deserunt irure id laborum labore. Tempor ad officia ipsum cupidatat nisi laboris elit sint dolor do qui quis enim.', 'https://via.placeholder.com/400/', 'https://via.placeholder.com/400/?text=ICON', '2022-01-17 04:41:21'),
(91, 10, 37.765267, -122.417526, 'Quis consequat id dolore ea ex non non aliqua mollit commodo cupidatat. Lorem incididunt est qui quis fugiat deserunt. Id ad reprehenderit exercitation est deserunt.', 'https://via.placeholder.com/400/', 'https://via.placeholder.com/400/?text=ICON', '2022-02-26 04:42:50'),
(92, 49, 37.763510, -122.481519, 'Ut irure non ut velit sint sit. Fugiat exercitation culpa et voluptate consectetur tempor adipisicing consectetur fugiat anim minim eu consequat do. Voluptate magna dolore incididunt tempor est magna irure.', 'https://via.placeholder.com/400/', 'https://via.placeholder.com/400/?text=ICON', '2022-03-23 02:54:49'),
(93, 14, 37.698990, -122.481307, 'Dolor nulla esse deserunt veniam ea velit reprehenderit dolore nulla. Pariatur tempor dolore laborum deserunt proident. Cupidatat nostrud excepteur deserunt excepteur et est proident laborum quis dolore eu tempor incididunt.', 'https://via.placeholder.com/400/', 'https://via.placeholder.com/400/?text=ICON', '2022-04-29 06:45:31'),
(94, 28, 37.719901, -122.408563, 'Quis officia est Lorem duis excepteur. Id duis laborum ullamco veniam elit esse reprehenderit. Dolor cupidatat do nisi Lorem.', 'https://via.placeholder.com/400/', 'https://via.placeholder.com/400/?text=ICON', '2022-04-04 11:23:32'),
(95, 11, 37.712032, -122.475437, 'Pariatur ipsum do reprehenderit proident adipisicing est consectetur ipsum. Ad quis nulla ex est. Labore fugiat tempor labore irure consequat non duis officia quis dolore adipisicing proident aliqua mollit.', 'https://via.placeholder.com/400/', 'https://via.placeholder.com/400/?text=ICON', '2022-02-04 12:03:51'),
(96, 2, 37.760487, -122.428555, 'Quis duis est pariatur laborum aliqua aliquip tempor esse ex aliqua et. Eiusmod dolor aliqua cillum aute irure. Nostrud ut veniam occaecat incididunt sint magna velit incididunt nulla labore pariatur ad irure id.', 'https://via.placeholder.com/400/', 'https://via.placeholder.com/400/?text=ICON', '2022-04-29 07:35:02'),
(97, 5, 37.693975, -122.448388, 'Ut do Lorem consectetur non commodo commodo eiusmod ipsum. Labore culpa consequat officia ex eiusmod cillum quis labore officia. Deserunt veniam eu culpa voluptate veniam.', 'https://via.placeholder.com/400/', 'https://via.placeholder.com/400/?text=ICON', '2022-04-11 09:53:43'),
(98, 16, 37.776480, -122.393414, 'Ea velit laborum ad deserunt irure velit laboris esse deserunt proident laboris. Ad enim sit fugiat ut pariatur pariatur irure quis occaecat. Consectetur consectetur cillum velit laboris fugiat.', 'https://via.placeholder.com/400/', 'https://via.placeholder.com/400/?text=ICON', '2022-04-22 12:41:57'),
(99, 45, 37.786239, -122.410662, 'Adipisicing mollit minim in ea eiusmod deserunt sit. Quis deserunt excepteur officia ea. Ipsum dolore anim deserunt consectetur eu.', 'https://via.placeholder.com/400/', 'https://via.placeholder.com/400/?text=ICON', '2022-03-15 06:22:08'),
(100, 47, 37.723642, -122.489888, 'Ut ex eu ullamco amet magna eu mollit enim enim Lorem nisi adipisicing. Id eu sunt velit mollit cupidatat quis do non. Officia velit nulla ex aliqua ipsum aliquip voluptate irure nisi.', 'https://via.placeholder.com/400/', 'https://via.placeholder.com/400/?text=ICON', '2022-01-06 03:18:56'),
(101, 33, 37.801710, -122.402597, 'Laboris dolor nisi cillum labore velit cupidatat eu tempor deserunt aliquip anim nostrud aute. Voluptate fugiat eu irure tempor exercitation aliqua laboris commodo officia proident sint labore sunt labore. Nisi Lorem consectetur amet deserunt pariatur cupidatat deserunt.', 'https://via.placeholder.com/400/', 'https://via.placeholder.com/400/?text=ICON', '2022-04-25 11:57:29'),
(102, 48, 37.760449, -122.452347, 'Esse occaecat nostrud nostrud sunt deserunt do laboris nostrud id nulla velit irure sunt anim. Quis aliquip consequat ex ut deserunt tempor et exercitation reprehenderit occaecat magna. Reprehenderit anim proident voluptate excepteur mollit fugiat in nisi do excepteur amet consectetur nostrud nostrud.', 'https://via.placeholder.com/400/', 'https://via.placeholder.com/400/?text=ICON', '2022-03-22 01:18:29'),
(103, 31, 37.779420, -122.462570, 'Occaecat laboris proident minim ea voluptate nisi eiusmod duis pariatur nisi ut duis aliqua consectetur. Velit dolor eiusmod veniam id. Consectetur sunt sit aute ullamco tempor aute amet nisi exercitation.', 'https://via.placeholder.com/400/', 'https://via.placeholder.com/400/?text=ICON', '2022-04-09 11:49:49'),
(104, 45, 37.707270, -122.484603, 'Nulla in deserunt mollit ullamco proident nisi ex laborum officia magna enim incididunt in eu. Culpa magna fugiat dolore veniam nostrud nulla deserunt reprehenderit. Magna occaecat proident ea ea aute cillum.', 'https://via.placeholder.com/400/', 'https://via.placeholder.com/400/?text=ICON', '2022-05-07 08:08:14'),
(105, 14, 37.715369, -122.387296, 'Adipisicing dolore officia culpa occaecat pariatur laborum consectetur. Ipsum velit culpa ad cupidatat aliqua reprehenderit quis cillum. Mollit et laboris consequat amet id excepteur commodo nulla aliqua non aute sint.', 'https://via.placeholder.com/400/', 'https://via.placeholder.com/400/?text=ICON', '2022-05-09 09:36:23'),
(106, 12, 37.736628, -122.415836, 'Lorem sint magna velit nostrud. Occaecat labore incididunt in ad amet. Ad ipsum minim do est nostrud esse mollit magna voluptate quis nostrud voluptate.', 'https://via.placeholder.com/400/', 'https://via.placeholder.com/400/?text=ICON', '2022-04-09 06:33:37'),
(107, 41, 37.793726, -122.499793, 'Minim mollit consequat ut in ipsum. Duis occaecat cillum non ipsum nostrud. Velit enim labore laborum est excepteur proident ex nulla fugiat.', 'https://via.placeholder.com/400/', 'https://via.placeholder.com/400/?text=ICON', '2022-01-30 02:40:24'),
(108, 41, 37.791323, -122.492486, 'Est sit elit reprehenderit esse cupidatat officia laborum in non ipsum non sit nulla esse. Aute id quis id eiusmod Lorem esse pariatur culpa in veniam eiusmod culpa fugiat esse. Elit sint excepteur sunt ut irure proident culpa laboris laboris Lorem ea.', 'https://via.placeholder.com/400/', 'https://via.placeholder.com/400/?text=ICON', '2022-03-20 05:47:03'),
(109, 26, 37.751424, -122.459530, 'Deserunt exercitation dolor aliquip amet anim reprehenderit enim sint laboris. Incididunt mollit Lorem proident consequat culpa consequat Lorem minim consectetur. Qui irure dolore ex duis magna officia ut duis.', 'https://via.placeholder.com/400/', 'https://via.placeholder.com/400/?text=ICON', '2022-01-03 01:22:47'),
(110, 3, 37.704053, -122.445434, 'Mollit cupidatat nulla ad cupidatat voluptate dolor ut commodo in ipsum laboris reprehenderit consequat. Cupidatat magna adipisicing elit laboris commodo elit pariatur proident ipsum do pariatur anim sit anim. Consequat ullamco enim minim aliqua ullamco reprehenderit excepteur ullamco ex laborum.', 'https://via.placeholder.com/400/', 'https://via.placeholder.com/400/?text=ICON', '2022-05-04 11:32:55'),
(111, 9, 37.730817, -122.467226, 'Lorem aliquip ut deserunt ipsum ullamco excepteur sunt magna pariatur dolor exercitation fugiat nostrud. Nostrud qui nulla velit id aliquip labore cupidatat laborum irure ipsum officia quis officia in. Duis mollit laborum ex enim non quis labore ullamco consequat ipsum.', 'https://via.placeholder.com/400/', 'https://via.placeholder.com/400/?text=ICON', '2022-02-28 04:47:12'),
(112, 11, 37.792053, -122.393982, 'Fugiat aute do quis irure commodo est. Eu amet minim quis veniam eu fugiat laboris. Ex sunt dolore nostrud laboris proident.', 'https://via.placeholder.com/400/', 'https://via.placeholder.com/400/?text=ICON', '2022-04-23 10:32:01'),
(113, 33, 37.697549, -122.417130, 'Elit eu ad proident id eu est ut voluptate et minim. Ea veniam cillum dolore culpa ipsum ex aliquip. Veniam consectetur laboris consectetur consectetur commodo magna.', 'https://via.placeholder.com/400/', 'https://via.placeholder.com/400/?text=ICON', '2022-02-15 04:10:10'),
(114, 46, 37.782086, -122.463709, 'Qui et exercitation enim cupidatat laboris qui ullamco deserunt exercitation exercitation. Minim velit enim id id. Magna adipisicing irure et consectetur id culpa.', 'https://via.placeholder.com/400/', 'https://via.placeholder.com/400/?text=ICON', '2022-02-09 12:25:09'),
(115, 32, 37.743916, -122.414815, 'Amet consectetur ipsum sint quis nostrud. Amet duis deserunt ad et adipisicing aliquip dolor deserunt ut. Reprehenderit mollit ea duis eu exercitation labore.', 'https://via.placeholder.com/400/', 'https://via.placeholder.com/400/?text=ICON', '2022-03-17 03:17:38'),
(116, 29, 37.721059, -122.442639, 'Officia mollit ea ipsum dolore. In cillum eiusmod amet ad sint fugiat velit ea proident Lorem ad. Id fugiat dolor adipisicing adipisicing tempor nisi ex qui laborum deserunt esse aute velit cupidatat.', 'https://via.placeholder.com/400/', 'https://via.placeholder.com/400/?text=ICON', '2022-04-22 01:42:26'),
(117, 43, 37.770233, -122.465448, 'Officia incididunt qui sint quis ut fugiat laboris ipsum aliqua consectetur reprehenderit pariatur mollit. Nostrud eu sint irure id tempor dolor sit minim do. Aute elit fugiat mollit ut quis qui commodo tempor dolore proident consequat ex.', 'https://via.placeholder.com/400/', 'https://via.placeholder.com/400/?text=ICON', '2022-01-12 05:55:30'),
(118, 6, 37.690743, -122.474352, 'Do ipsum mollit fugiat qui deserunt anim qui culpa occaecat laborum eu. Nisi consequat dolor anim dolore dolor amet tempor ullamco. Culpa ipsum magna aliqua consectetur non sunt irure et.', 'https://via.placeholder.com/400/', 'https://via.placeholder.com/400/?text=ICON', '2022-01-10 02:15:17'),
(119, 33, 37.743516, -122.444672, 'Magna magna irure cupidatat fugiat adipisicing qui consectetur ullamco dolor elit magna excepteur nulla. Ad elit enim ut ex adipisicing duis duis magna elit reprehenderit amet quis. Reprehenderit cupidatat labore sit officia.', 'https://via.placeholder.com/400/', 'https://via.placeholder.com/400/?text=ICON', '2022-01-16 03:45:17'),
(120, 34, 37.726596, -122.400383, 'Sunt culpa exercitation occaecat occaecat. Enim irure enim excepteur tempor minim labore magna Lorem laborum consectetur ut. Lorem labore et anim nostrud.', 'https://via.placeholder.com/400/', 'https://via.placeholder.com/400/?text=ICON', '2022-02-16 11:21:00'),
(121, 48, 37.691603, -122.470017, 'Deserunt exercitation qui incididunt proident fugiat eiusmod laborum ex aliqua veniam laboris. Aliqua ut amet nisi Lorem. Tempor voluptate excepteur cillum consectetur deserunt aliqua laboris.', 'https://via.placeholder.com/400/', 'https://via.placeholder.com/400/?text=ICON', '2022-05-08 01:36:32'),
(122, 42, 37.695709, -122.399204, 'Sunt quis nostrud ex amet ullamco tempor laborum do duis ipsum ut. Et voluptate sunt velit do aute veniam. Do irure nostrud excepteur pariatur magna labore quis nisi do deserunt.', 'https://via.placeholder.com/400/', 'https://via.placeholder.com/400/?text=ICON', '2022-04-12 09:55:33'),
(123, 18, 37.758767, -122.488072, 'Reprehenderit laboris eiusmod dolor duis eiusmod elit adipisicing aute exercitation ea cupidatat proident sunt. Aliqua consequat fugiat anim aliquip reprehenderit proident est duis voluptate velit. Dolore elit ex adipisicing ex ut elit.', 'https://via.placeholder.com/400/', 'https://via.placeholder.com/400/?text=ICON', '2022-02-09 03:10:02'),
(124, 18, 37.708989, -122.416774, 'Laborum id cupidatat dolore deserunt voluptate culpa mollit minim incididunt Lorem voluptate amet. Magna pariatur est laboris elit adipisicing occaecat nulla elit. Ex laboris occaecat nostrud sit nisi consequat labore velit sit reprehenderit officia aute culpa.', 'https://via.placeholder.com/400/', 'https://via.placeholder.com/400/?text=ICON', '2022-01-08 10:18:40'),
(125, 31, 37.773511, -122.394935, 'Incididunt voluptate adipisicing exercitation occaecat esse sunt incididunt nisi proident velit anim id dolor. Qui ex sit nulla mollit. Consectetur esse laboris consequat quis sunt ullamco.', 'https://via.placeholder.com/400/', 'https://via.placeholder.com/400/?text=ICON', '2022-04-13 11:29:46'),
(126, 50, 37.786008, -122.402460, 'Aliquip laborum esse duis nisi culpa officia incididunt veniam voluptate magna fugiat excepteur culpa. Et fugiat tempor reprehenderit et enim ex magna mollit adipisicing proident excepteur exercitation proident commodo. Id reprehenderit incididunt dolore reprehenderit.', 'https://via.placeholder.com/400/', 'https://via.placeholder.com/400/?text=ICON', '2022-04-29 08:40:10'),
(127, 28, 37.791626, -122.470748, 'Laborum est qui commodo amet reprehenderit dolor adipisicing Lorem aliquip ad enim tempor fugiat ad. Reprehenderit adipisicing officia dolor officia sint ad. Nulla pariatur eu tempor esse sunt sint ullamco.', 'https://via.placeholder.com/400/', 'https://via.placeholder.com/400/?text=ICON', '2022-04-05 10:58:40'),
(128, 40, 37.801575, -122.468652, 'Dolor nostrud ipsum ullamco ullamco excepteur. Laboris ut duis velit occaecat mollit ea nulla labore cupidatat deserunt. Ipsum velit occaecat proident anim id velit nisi est dolor do laborum culpa.', 'https://via.placeholder.com/400/', 'https://via.placeholder.com/400/?text=ICON', '2022-02-13 07:25:14'),
(129, 8, 37.712202, -122.414515, 'Tempor culpa non cupidatat voluptate nulla sunt velit eu ea anim. Et aliquip Lorem sunt dolor cupidatat esse duis eu officia. Pariatur ut quis commodo dolor ullamco pariatur occaecat et consequat anim aute ullamco elit.', 'https://via.placeholder.com/400/', 'https://via.placeholder.com/400/?text=ICON', '2022-02-13 08:04:26'),
(130, 19, 37.718875, -122.410744, 'Quis incididunt labore elit non consequat fugiat incididunt mollit labore dolore. Amet tempor est nulla id consequat mollit nisi sunt duis exercitation magna. Fugiat sint velit elit esse aliquip occaecat labore officia reprehenderit dolore officia sit commodo.', 'https://via.placeholder.com/400/', 'https://via.placeholder.com/400/?text=ICON', '2022-02-07 01:46:41'),
(131, 26, 37.752014, -122.425719, 'Et incididunt reprehenderit dolore ipsum nostrud laborum dolore fugiat sit culpa nisi. Ea dolor amet nisi cillum. Aliquip pariatur sunt consequat minim ipsum reprehenderit duis Lorem.', 'https://via.placeholder.com/400/', 'https://via.placeholder.com/400/?text=ICON', '2022-04-21 07:34:12'),
(132, 3, 37.696216, -122.393991, 'Lorem cillum dolore culpa nisi est do esse esse consequat laboris laboris minim. Voluptate ipsum proident dolor ad. Ex ipsum amet qui ea duis.', 'https://via.placeholder.com/400/', 'https://via.placeholder.com/400/?text=ICON', '2022-01-07 06:17:08'),
(133, 33, 37.753766, -122.413826, 'Minim veniam excepteur aliquip eu eu dolor reprehenderit magna in irure dolore. Id nulla ad mollit quis minim magna. Deserunt pariatur velit ullamco amet eu deserunt ipsum do.', 'https://via.placeholder.com/400/', 'https://via.placeholder.com/400/?text=ICON', '2022-02-03 04:38:32'),
(134, 48, 37.796820, -122.486132, 'Duis labore ex proident laborum et duis mollit duis ullamco aute duis minim non. Est veniam adipisicing id anim officia ad elit ullamco anim duis quis et enim. Velit cillum dolore magna voluptate enim.', 'https://via.placeholder.com/400/', 'https://via.placeholder.com/400/?text=ICON', '2022-02-08 03:01:49'),
(135, 18, 37.740741, -122.434907, 'Ullamco laboris irure ad consectetur magna voluptate eu. Labore sint minim voluptate ex nisi Lorem culpa aliqua in nostrud eu. Dolore irure laborum aliqua sint dolore.', 'https://via.placeholder.com/400/', 'https://via.placeholder.com/400/?text=ICON', '2022-04-17 10:31:18'),
(136, 18, 37.718631, -122.491897, 'Sunt eiusmod ex aliquip excepteur sint quis occaecat irure. Mollit deserunt proident fugiat dolore ea ipsum laborum non. Nostrud esse consectetur ad ut.', 'https://via.placeholder.com/400/', 'https://via.placeholder.com/400/?text=ICON', '2022-01-30 08:17:04'),
(137, 45, 37.764132, -122.445132, 'Amet mollit labore duis cupidatat dolor incididunt ipsum anim laborum aute dolor laborum veniam irure. Do minim eu commodo aute culpa occaecat qui voluptate consequat. Esse velit in laboris tempor exercitation duis sint incididunt nisi laboris.', 'https://via.placeholder.com/400/', 'https://via.placeholder.com/400/?text=ICON', '2022-01-31 12:32:51'),
(138, 45, 37.801665, -122.389999, 'Enim aliqua cillum aliqua sint. Labore mollit eu nisi officia pariatur anim aliqua quis eiusmod proident magna. Elit commodo irure id sunt consequat id sint elit Lorem adipisicing in adipisicing.', 'https://via.placeholder.com/400/', 'https://via.placeholder.com/400/?text=ICON', '2022-02-22 10:45:46'),
(139, 9, 37.755991, -122.393215, 'Id Lorem aliqua ipsum minim ea nostrud aute aliquip pariatur et laboris nisi. Cillum adipisicing dolore id fugiat deserunt aliquip est duis fugiat irure sit eiusmod incididunt minim. Ullamco dolor occaecat nulla occaecat qui cillum aliqua.', 'https://via.placeholder.com/400/', 'https://via.placeholder.com/400/?text=ICON', '2022-03-28 09:09:19'),
(140, 17, 37.733180, -122.500316, 'Proident non occaecat minim pariatur. Incididunt eu nostrud irure voluptate quis non eiusmod id tempor aute laboris. Anim exercitation consectetur eiusmod sint aliquip.', 'https://via.placeholder.com/400/', 'https://via.placeholder.com/400/?text=ICON', '2022-02-03 01:09:33'),
(141, 2, 37.702859, -122.480856, 'Minim proident ea anim excepteur qui incididunt occaecat eu excepteur ex irure amet. Cupidatat excepteur et nisi ut consequat aliquip occaecat veniam reprehenderit. Nulla eiusmod ut in dolore proident consectetur ipsum sit incididunt labore tempor reprehenderit.', 'https://via.placeholder.com/400/', 'https://via.placeholder.com/400/?text=ICON', '2022-01-24 03:16:53'),
(142, 44, 37.700052, -122.391584, 'Tempor veniam veniam culpa nulla laborum est fugiat culpa consequat. Pariatur officia labore veniam duis eu ea pariatur enim ex irure consequat quis magna dolor. Deserunt ullamco anim sint sint officia non.', 'https://via.placeholder.com/400/', 'https://via.placeholder.com/400/?text=ICON', '2022-03-28 10:14:05'),
(143, 46, 37.700355, -122.459096, 'Laborum enim nulla minim nostrud proident. Amet sunt ipsum nulla veniam pariatur do ullamco incididunt commodo. Commodo ea duis irure et.', 'https://via.placeholder.com/400/', 'https://via.placeholder.com/400/?text=ICON', '2022-05-01 08:00:05'),
(144, 1, 37.725279, -122.456187, 'Proident consequat aliquip incididunt esse dolore ullamco mollit tempor reprehenderit enim eiusmod aliqua. Enim quis incididunt id fugiat adipisicing minim deserunt mollit et id. Qui eu commodo culpa ex minim pariatur sint voluptate commodo est velit quis.', 'https://via.placeholder.com/400/', 'https://via.placeholder.com/400/?text=ICON', '2022-04-14 10:54:38'),
(145, 29, 37.792999, -122.438663, 'Aliqua commodo consectetur ex quis officia in do ea velit nisi nostrud anim ea deserunt. Do enim cillum laboris ullamco minim eu laborum minim. Aliqua ad laboris veniam consectetur elit adipisicing cillum aute qui aliqua aliqua veniam enim.', 'https://via.placeholder.com/400/', 'https://via.placeholder.com/400/?text=ICON', '2022-01-23 09:57:36'),
(146, 14, 37.752815, -122.470805, 'Tempor laborum Lorem ex in aliqua consequat nulla minim do occaecat. Voluptate officia nulla in quis incididunt eu et et anim ut exercitation. Deserunt sit ad minim non qui ipsum cupidatat aute quis esse est eiusmod proident.', 'https://via.placeholder.com/400/', 'https://via.placeholder.com/400/?text=ICON', '2022-04-12 10:54:21');
INSERT INTO `doglog_locations` (`id`, `animal_id`, `lat`, `lng`, `description`, `photo`, `icon`, `date_create`) VALUES
(147, 4, 37.780009, -122.484610, 'Mollit officia aute quis sit exercitation ex. Eu dolore et exercitation ea. Quis eiusmod adipisicing consequat est id sint nulla in elit magna duis in officia ex.', 'https://via.placeholder.com/400/', 'https://via.placeholder.com/400/?text=ICON', '2022-01-07 11:10:53'),
(148, 17, 37.762493, -122.503665, 'Reprehenderit fugiat excepteur proident aliqua ex cupidatat commodo laborum sit enim. Elit proident pariatur ad consequat enim cupidatat incididunt aliqua Lorem incididunt culpa laboris. Nostrud cupidatat nostrud nostrud elit aute irure anim.', 'https://via.placeholder.com/400/', 'https://via.placeholder.com/400/?text=ICON', '2022-03-07 03:46:26'),
(149, 19, 37.728425, -122.474127, 'Elit amet consectetur incididunt ut occaecat sunt consectetur minim. Amet aliqua qui minim duis exercitation sint cupidatat nostrud fugiat est irure occaecat do. Reprehenderit cupidatat minim et irure cillum.', 'https://via.placeholder.com/400/', 'https://via.placeholder.com/400/?text=ICON', '2022-01-17 07:46:48'),
(150, 36, 37.706351, -122.482657, 'Ullamco exercitation ut irure voluptate anim laboris est aliquip non sint voluptate. Sit veniam eiusmod sit do sit eiusmod cillum nostrud velit nostrud. Duis culpa elit minim qui mollit amet sint voluptate.', 'https://via.placeholder.com/400/', 'https://via.placeholder.com/400/?text=ICON', '2022-03-13 05:25:13'),
(151, 13, 37.769514, -122.457898, 'Incididunt laboris et adipisicing ipsum laborum est eiusmod irure qui aute dolore nostrud. Magna quis enim et tempor Lorem. Dolore do exercitation amet minim fugiat.', 'https://via.placeholder.com/400/', 'https://via.placeholder.com/400/?text=ICON', '2022-04-12 07:11:04'),
(152, 13, 37.693687, -122.493452, 'Commodo nostrud reprehenderit sit labore et est voluptate ullamco exercitation excepteur ipsum. Cupidatat aliquip officia ex eu elit deserunt duis aute. Fugiat cupidatat sunt sint commodo commodo deserunt dolor deserunt.', 'https://via.placeholder.com/400/', 'https://via.placeholder.com/400/?text=ICON', '2022-04-07 07:19:30'),
(153, 26, 37.793225, -122.480362, 'Adipisicing consequat commodo amet excepteur. Ea fugiat laborum deserunt dolor. Eiusmod commodo ea incididunt excepteur exercitation fugiat ea fugiat.', 'https://via.placeholder.com/400/', 'https://via.placeholder.com/400/?text=ICON', '2022-01-24 01:19:03'),
(154, 28, 37.706063, -122.427895, 'Adipisicing culpa quis eiusmod elit nisi elit occaecat esse eiusmod veniam. Deserunt ex Lorem cillum elit culpa ex nisi esse magna. Sint elit consectetur ipsum velit sint nisi aliqua adipisicing eu elit exercitation ex ea minim.', 'https://via.placeholder.com/400/', 'https://via.placeholder.com/400/?text=ICON', '2022-03-26 09:00:31'),
(155, 28, 37.695565, -122.493865, 'Duis officia qui ea nostrud nostrud eu. Occaecat cillum officia sint reprehenderit occaecat dolor aliquip ad. Elit excepteur Lorem proident est nostrud.', 'https://via.placeholder.com/400/', 'https://via.placeholder.com/400/?text=ICON', '2022-01-10 02:34:26'),
(156, 22, 37.776660, -122.425514, 'Sunt magna elit anim labore. Tempor sint magna labore pariatur deserunt sit est in cillum exercitation duis. Qui ipsum ipsum dolor adipisicing consequat id.', 'https://via.placeholder.com/400/', 'https://via.placeholder.com/400/?text=ICON', '2022-02-15 03:46:58'),
(157, 10, 37.783222, -122.448377, 'Esse non sit nisi id amet Lorem adipisicing deserunt ut. Non Lorem velit do et ipsum in. Et aliquip mollit ea ex ea et officia in aliqua Lorem commodo esse tempor ut.', 'https://via.placeholder.com/400/', 'https://via.placeholder.com/400/?text=ICON', '2022-02-10 03:55:20'),
(158, 7, 37.754496, -122.407939, 'Cupidatat proident voluptate adipisicing laborum duis mollit quis culpa adipisicing in pariatur dolor pariatur qui. Velit proident eiusmod reprehenderit aute ipsum. Velit magna culpa aute pariatur nostrud amet laboris.', 'https://via.placeholder.com/400/', 'https://via.placeholder.com/400/?text=ICON', '2022-01-08 04:25:01'),
(159, 21, 37.769553, -122.454566, 'Nulla consectetur aute aute aliquip velit aute officia aute reprehenderit laboris laborum nostrud anim proident. Incididunt ipsum ullamco tempor aliquip pariatur ullamco amet dolor cillum id ea. Elit veniam et aute esse ad eu proident aliquip.', 'https://via.placeholder.com/400/', 'https://via.placeholder.com/400/?text=ICON', '2022-04-17 09:59:27'),
(160, 29, 37.772797, -122.437561, 'Do amet elit est ex sint eiusmod ea dolor. Veniam tempor amet esse cillum excepteur laborum pariatur cillum eu et. Quis sint deserunt tempor ipsum eu.', 'https://via.placeholder.com/400/', 'https://via.placeholder.com/400/?text=ICON', '2022-02-18 01:36:29'),
(161, 16, 37.689795, -122.484012, 'Adipisicing cillum aute excepteur cillum cillum. Nisi quis minim exercitation proident aliqua. Pariatur sint quis voluptate mollit dolor mollit proident consectetur eiusmod.', 'https://via.placeholder.com/400/', 'https://via.placeholder.com/400/?text=ICON', '2022-03-29 06:47:17'),
(162, 22, 37.749569, -122.459414, 'Consectetur laborum nulla ad fugiat deserunt irure dolor labore ad. Consectetur cillum aute dolore sit tempor in ipsum. Aliquip cupidatat enim Lorem ipsum proident labore mollit mollit anim consectetur ullamco nostrud.', 'https://via.placeholder.com/400/', 'https://via.placeholder.com/400/?text=ICON', '2022-02-02 07:05:18'),
(163, 41, 37.751501, -122.466641, 'Aliqua elit duis qui velit. Eu occaecat dolor ad ea nostrud labore sunt adipisicing. Esse elit mollit proident occaecat eu.', 'https://via.placeholder.com/400/', 'https://via.placeholder.com/400/?text=ICON', '2022-01-06 03:02:02'),
(164, 24, 37.709658, -122.431418, 'Laboris enim veniam veniam elit aute. Laborum dolore Lorem nostrud consequat labore reprehenderit tempor quis ex. Sit elit tempor esse cillum excepteur pariatur officia cupidatat labore.', 'https://via.placeholder.com/400/', 'https://via.placeholder.com/400/?text=ICON', '2022-03-28 08:11:46'),
(165, 18, 37.713315, -122.432349, 'Officia non et nulla laborum voluptate culpa consectetur minim labore Lorem laborum. Sunt sunt sint minim eiusmod. Eu est mollit et nostrud non laboris.', 'https://via.placeholder.com/400/', 'https://via.placeholder.com/400/?text=ICON', '2022-03-30 12:46:43'),
(166, 15, 37.777966, -122.402436, 'Tempor quis velit incididunt adipisicing fugiat aliquip laborum nostrud. Deserunt nisi minim dolor tempor in dolor sunt tempor in. Laboris laborum amet est exercitation.', 'https://via.placeholder.com/400/', 'https://via.placeholder.com/400/?text=ICON', '2022-03-23 07:53:30'),
(167, 23, 37.796938, -122.484358, 'Aute sint culpa mollit ut mollit non labore deserunt ea est. Non cillum enim consectetur ut ea minim. Nisi nisi consequat culpa sint ad ad sit anim qui do sunt.', 'https://via.placeholder.com/400/', 'https://via.placeholder.com/400/?text=ICON', '2022-03-16 07:45:16'),
(168, 4, 37.781272, -122.500851, 'Laboris aute Lorem eiusmod laborum ad do tempor esse ad dolore nisi commodo qui. Minim qui et amet magna fugiat eu magna. In laboris proident consequat sit id dolor occaecat amet velit.', 'https://via.placeholder.com/400/', 'https://via.placeholder.com/400/?text=ICON', '2022-01-09 09:07:36'),
(169, 42, 37.789048, -122.396005, 'Aliquip quis fugiat adipisicing proident pariatur quis amet anim anim magna. Ullamco esse incididunt ipsum officia dolore aliqua proident fugiat mollit magna. Id dolor quis ad occaecat culpa voluptate do consectetur.', 'https://via.placeholder.com/400/', 'https://via.placeholder.com/400/?text=ICON', '2022-02-15 12:26:58'),
(170, 30, 37.738818, -122.424954, 'Anim incididunt magna anim exercitation consequat quis dolore consectetur. Culpa do anim ipsum do magna cupidatat aliquip reprehenderit. Ut consequat esse anim non enim adipisicing quis ut eiusmod nisi laboris voluptate sit nisi.', 'https://via.placeholder.com/400/', 'https://via.placeholder.com/400/?text=ICON', '2022-01-09 11:18:54'),
(171, 1, 37.718684, -122.494591, 'Esse voluptate non ipsum laborum enim excepteur in sunt eiusmod commodo sit labore consectetur do. Adipisicing minim est Lorem labore anim id nostrud fugiat minim est nulla proident officia ullamco. Ullamco fugiat proident elit id minim adipisicing duis in.', 'https://via.placeholder.com/400/', 'https://via.placeholder.com/400/?text=ICON', '2022-01-22 03:47:46'),
(172, 41, 37.756846, -122.440734, 'Dolore irure adipisicing officia aute nulla non velit consectetur cupidatat Lorem. Deserunt esse nostrud nostrud mollit enim aliquip reprehenderit cillum dolore enim occaecat aliquip nulla. Eiusmod dolor sunt ex quis aliquip duis.', 'https://via.placeholder.com/400/', 'https://via.placeholder.com/400/?text=ICON', '2022-01-12 10:58:23'),
(173, 27, 37.746038, -122.444192, 'Commodo cillum aliquip nulla Lorem sit nostrud. Est ipsum esse mollit enim ut ad velit. Dolor aliquip amet consectetur fugiat quis laborum.', 'https://via.placeholder.com/400/', 'https://via.placeholder.com/400/?text=ICON', '2022-01-06 06:39:55'),
(174, 5, 37.702095, -122.496647, 'Veniam id minim sit consequat labore labore deserunt ea elit. Ea velit laboris ullamco occaecat adipisicing fugiat veniam laborum laborum. In non esse incididunt nisi ea proident enim.', 'https://via.placeholder.com/400/', 'https://via.placeholder.com/400/?text=ICON', '2022-02-28 11:50:25'),
(175, 33, 37.774450, -122.427584, 'Do pariatur ullamco culpa occaecat velit proident Lorem esse excepteur excepteur commodo minim. Deserunt et ex duis velit non reprehenderit commodo nostrud nisi. Occaecat cillum aliqua et commodo enim duis.', 'https://via.placeholder.com/400/', 'https://via.placeholder.com/400/?text=ICON', '2022-03-18 01:39:43'),
(176, 7, 37.690177, -122.466774, 'Enim culpa commodo elit pariatur cupidatat ullamco dolor exercitation ullamco tempor velit veniam deserunt exercitation. Elit eu est irure occaecat aliquip amet officia quis sit mollit adipisicing nisi dolor. In aliquip ut laboris ea dolor.', 'https://via.placeholder.com/400/', 'https://via.placeholder.com/400/?text=ICON', '2022-01-04 07:14:30'),
(177, 11, 37.695917, -122.477237, 'Officia occaecat nulla dolor aute tempor. Velit culpa occaecat magna culpa ut et duis. Irure quis ut incididunt deserunt ex.', 'https://via.placeholder.com/400/', 'https://via.placeholder.com/400/?text=ICON', '2022-01-06 05:21:07'),
(178, 9, 37.788741, -122.405406, 'Est ut aute duis Lorem veniam deserunt. Cillum ea deserunt commodo culpa ex qui reprehenderit cillum eiusmod consectetur. Id magna Lorem dolor veniam adipisicing excepteur eu.', 'https://via.placeholder.com/400/', 'https://via.placeholder.com/400/?text=ICON', '2022-01-16 12:30:32'),
(179, 21, 37.693399, -122.431653, 'Duis nostrud sit ut voluptate duis laborum ad consectetur consectetur nisi. In in eiusmod ex velit minim esse quis. Aliqua ex sit pariatur magna.', 'https://via.placeholder.com/400/', 'https://via.placeholder.com/400/?text=ICON', '2022-01-29 02:50:20'),
(180, 19, 37.713682, -122.398769, 'Exercitation officia anim consequat incididunt. Aliquip dolor eiusmod veniam commodo proident officia aute sit cillum Lorem cillum amet mollit. Consequat aliquip dolor et incididunt exercitation ad.', 'https://via.placeholder.com/400/', 'https://via.placeholder.com/400/?text=ICON', '2022-03-09 12:31:55'),
(181, 36, 37.717036, -122.497857, 'Dolor nulla fugiat Lorem pariatur qui irure amet. Velit elit deserunt mollit id in consectetur consequat nisi aliqua veniam nulla ullamco est. Amet eiusmod voluptate nulla magna nulla nostrud eu do ea laborum enim elit aliqua ea.', 'https://via.placeholder.com/400/', 'https://via.placeholder.com/400/?text=ICON', '2022-02-09 01:32:35'),
(182, 22, 37.777952, -122.489733, 'Anim laboris dolore aliquip velit tempor do ex culpa magna non. Id ea consequat culpa aute reprehenderit ea laborum veniam nostrud id voluptate ipsum adipisicing. Voluptate in adipisicing ea ad do officia proident esse officia.', 'https://via.placeholder.com/400/', 'https://via.placeholder.com/400/?text=ICON', '2022-01-30 06:26:41'),
(183, 42, 37.780832, -122.387411, 'Culpa officia quis nulla deserunt voluptate nulla ipsum proident. Commodo consectetur elit duis commodo id dolore incididunt consequat. Eiusmod ipsum culpa ipsum ex nostrud do nulla nisi ut aliquip dolor.', 'https://via.placeholder.com/400/', 'https://via.placeholder.com/400/?text=ICON', '2022-04-29 02:20:28'),
(184, 12, 37.734563, -122.419134, 'Reprehenderit ullamco tempor est cupidatat. Reprehenderit veniam minim eiusmod officia ad reprehenderit qui excepteur sit. Cupidatat magna nostrud duis ullamco do irure mollit anim.', 'https://via.placeholder.com/400/', 'https://via.placeholder.com/400/?text=ICON', '2022-04-04 02:01:26'),
(185, 44, 37.700287, -122.487215, 'Duis duis sint duis est irure qui esse tempor mollit sit cupidatat. Ullamco do magna irure proident. Ut dolore non enim non magna cillum esse in elit in.', 'https://via.placeholder.com/400/', 'https://via.placeholder.com/400/?text=ICON', '2022-04-17 12:28:27'),
(186, 44, 37.756262, -122.487736, 'Incididunt excepteur adipisicing consequat elit ad elit dolor est id ullamco pariatur ea. Sunt ipsum reprehenderit excepteur esse id amet velit fugiat ex laborum commodo amet eu. Pariatur exercitation eiusmod duis incididunt dolore fugiat dolor anim ut et veniam sit deserunt.', 'https://via.placeholder.com/400/', 'https://via.placeholder.com/400/?text=ICON', '2022-01-04 02:38:42'),
(187, 1, 37.766717, -122.405515, 'Veniam ad fugiat et duis officia. Veniam qui eiusmod do pariatur laboris proident deserunt voluptate ut deserunt mollit dolor nisi labore. Dolore magna laborum duis do consectetur amet et officia nostrud enim.', 'https://via.placeholder.com/400/', 'https://via.placeholder.com/400/?text=ICON', '2022-01-20 08:44:44'),
(188, 48, 37.794136, -122.440010, 'Enim et ullamco laboris consectetur. Labore irure consequat ad dolore. Id sunt pariatur aliqua eu occaecat.', 'https://via.placeholder.com/400/', 'https://via.placeholder.com/400/?text=ICON', '2022-01-14 10:39:30'),
(189, 13, 37.754753, -122.429494, 'Aliqua ut ut id eu commodo deserunt sit. Et ullamco ut anim duis ut est culpa ad duis dolor sunt id. Duis velit id sunt ea sint non quis dolore veniam duis Lorem commodo.', 'https://via.placeholder.com/400/', 'https://via.placeholder.com/400/?text=ICON', '2022-02-14 05:36:11'),
(190, 28, 37.742110, -122.460055, 'Amet ea sint aute eiusmod laboris ad incididunt velit consequat ullamco. Elit voluptate reprehenderit proident consectetur occaecat et. Sunt enim ullamco adipisicing dolore ullamco reprehenderit in officia.', 'https://via.placeholder.com/400/', 'https://via.placeholder.com/400/?text=ICON', '2022-02-15 12:12:26'),
(191, 1, 37.749057, -122.396888, 'Irure fugiat ut dolore sunt ut nostrud non minim elit occaecat magna deserunt incididunt. Dolore duis pariatur ea culpa ad ea enim ut occaecat. Excepteur occaecat qui ea excepteur.', 'https://via.placeholder.com/400/', 'https://via.placeholder.com/400/?text=ICON', '2022-04-07 11:05:49'),
(192, 41, 37.696834, -122.412740, 'Sunt in adipisicing excepteur cillum et voluptate aute proident eiusmod ullamco sint Lorem laborum deserunt. Aliquip aute irure nostrud nostrud laborum Lorem magna. Aliquip tempor tempor irure sint ex Lorem Lorem.', 'https://via.placeholder.com/400/', 'https://via.placeholder.com/400/?text=ICON', '2022-05-08 04:16:22'),
(193, 19, 37.766904, -122.488571, 'Esse eu velit sunt incididunt reprehenderit non enim veniam adipisicing consectetur minim. Ullamco magna irure qui commodo cupidatat magna. Aliqua esse mollit eu elit do duis.', 'https://via.placeholder.com/400/', 'https://via.placeholder.com/400/?text=ICON', '2022-01-23 07:08:10'),
(194, 50, 37.769090, -122.387309, 'Reprehenderit incididunt officia occaecat ad cupidatat eu pariatur. Laborum ea et culpa velit duis minim anim aute est nulla proident adipisicing reprehenderit. Id ea sunt eu ad reprehenderit proident exercitation magna cillum proident est Lorem.', 'https://via.placeholder.com/400/', 'https://via.placeholder.com/400/?text=ICON', '2022-01-23 09:52:45'),
(195, 29, 37.688718, -122.426306, 'Duis quis magna id minim aliqua. Quis incididunt commodo occaecat occaecat sit nulla. Esse nostrud laborum ipsum amet ex deserunt in.', 'https://via.placeholder.com/400/', 'https://via.placeholder.com/400/?text=ICON', '2022-04-09 07:22:26'),
(196, 16, 37.794124, -122.484385, 'Anim ullamco labore proident irure laboris cillum quis commodo qui. Pariatur et esse magna consectetur voluptate eiusmod ullamco incididunt aliqua sunt occaecat. Mollit mollit adipisicing nulla labore in reprehenderit nisi incididunt cupidatat laboris minim enim.', 'https://via.placeholder.com/400/', 'https://via.placeholder.com/400/?text=ICON', '2022-02-12 08:08:19'),
(197, 13, 37.698578, -122.496068, 'Sunt duis tempor laboris incididunt aliquip et labore et dolor occaecat laborum ipsum aliquip nostrud. Duis in irure non mollit amet incididunt aute proident. Labore labore culpa ut adipisicing amet fugiat eiusmod mollit reprehenderit magna.', 'https://via.placeholder.com/400/', 'https://via.placeholder.com/400/?text=ICON', '2022-01-08 12:24:01'),
(198, 24, 37.700508, -122.417620, 'Non quis mollit laborum veniam exercitation proident consequat duis. Adipisicing aute tempor culpa sit ex occaecat non. Voluptate reprehenderit do veniam exercitation fugiat aliquip sunt.', 'https://via.placeholder.com/400/', 'https://via.placeholder.com/400/?text=ICON', '2022-05-05 08:05:33'),
(199, 22, 37.752237, -122.432542, 'Deserunt ut duis excepteur Lorem aute anim consequat fugiat in veniam exercitation. Ea ex occaecat do sit aliqua voluptate ad occaecat. Aute Lorem esse excepteur eu minim exercitation ea aute in cillum culpa aliqua officia laborum.', 'https://via.placeholder.com/400/', 'https://via.placeholder.com/400/?text=ICON', '2022-04-04 04:45:46'),
(200, 22, 37.723747, -122.432684, 'Aute commodo deserunt nulla fugiat incididunt proident et excepteur. Amet aute anim reprehenderit esse consectetur non duis nisi. Amet qui do sunt aliqua eu.', 'https://via.placeholder.com/400/', 'https://via.placeholder.com/400/?text=ICON', '2022-02-17 04:56:38'),
(201, 17, 37.729451, -122.454596, 'Occaecat mollit labore eiusmod qui eiusmod aliquip occaecat amet culpa dolore deserunt ipsum. In exercitation do nostrud sit quis cupidatat. Ea incididunt tempor sint et excepteur qui et ex occaecat.', 'https://via.placeholder.com/400/', 'https://via.placeholder.com/400/?text=ICON', '2022-03-25 09:31:19'),
(202, 38, 37.705511, -122.436952, 'Dolore deserunt reprehenderit do deserunt ipsum ut cillum esse fugiat consectetur consectetur consectetur amet esse. Est est exercitation sit incididunt aliqua. Non sit reprehenderit non sunt et quis eiusmod veniam velit nisi deserunt.', 'https://via.placeholder.com/400/', 'https://via.placeholder.com/400/?text=ICON', '2022-02-11 04:56:50'),
(203, 11, 37.741047, -122.497779, 'Ipsum ad ut pariatur excepteur qui. Id quis sunt anim cupidatat eiusmod et occaecat nisi sunt voluptate irure. Amet do veniam laborum officia magna qui non laboris irure ad.', 'https://via.placeholder.com/400/', 'https://via.placeholder.com/400/?text=ICON', '2022-03-17 01:32:08'),
(204, 7, 37.772523, -122.399832, 'Pariatur Lorem minim consequat incididunt anim. Amet nisi do ullamco cupidatat deserunt velit consequat adipisicing. Commodo voluptate sunt eu in enim aute in culpa anim commodo excepteur pariatur.', 'https://via.placeholder.com/400/', 'https://via.placeholder.com/400/?text=ICON', '2022-01-22 10:23:05'),
(205, 33, 37.775524, -122.457904, 'Culpa Lorem sunt amet ut. Est nisi mollit ullamco culpa qui Lorem veniam sunt culpa sunt velit deserunt non excepteur. Aliquip nulla esse do sit.', 'https://via.placeholder.com/400/', 'https://via.placeholder.com/400/?text=ICON', '2022-01-23 12:47:12'),
(206, 46, 37.790369, -122.489898, 'Nulla labore tempor irure ipsum irure pariatur laboris eiusmod voluptate laboris. Aliquip anim ipsum nisi consectetur. Mollit pariatur deserunt minim ex officia minim ipsum.', 'https://via.placeholder.com/400/', 'https://via.placeholder.com/400/?text=ICON', '2022-01-18 03:25:14'),
(207, 48, 37.746033, -122.455180, 'Consequat reprehenderit culpa irure occaecat quis. Nostrud Lorem proident nostrud deserunt et. Quis ex tempor quis ullamco labore cupidatat voluptate nostrud.', 'https://via.placeholder.com/400/', 'https://via.placeholder.com/400/?text=ICON', '2022-02-14 02:29:25'),
(208, 49, 37.695933, -122.389859, 'Fugiat adipisicing pariatur culpa ipsum eu mollit est veniam laboris exercitation qui velit quis ipsum. Anim ex aliquip reprehenderit dolor magna. Ullamco excepteur voluptate cupidatat aliquip pariatur occaecat consectetur amet nisi ipsum.', 'https://via.placeholder.com/400/', 'https://via.placeholder.com/400/?text=ICON', '2022-02-15 04:54:57'),
(209, 27, 37.732274, -122.407880, 'Cupidatat sint duis ex magna laborum. Amet non fugiat reprehenderit duis adipisicing non. Ex voluptate enim adipisicing sint commodo commodo eu laboris minim sunt.', 'https://via.placeholder.com/400/', 'https://via.placeholder.com/400/?text=ICON', '2022-04-10 03:39:17'),
(210, 31, 37.751593, -122.394319, 'Laboris tempor nostrud commodo qui consectetur ea veniam est eu culpa pariatur. Elit consectetur incididunt quis eiusmod Lorem nostrud cupidatat duis ut proident voluptate do magna. Ullamco labore eiusmod duis id eiusmod ad culpa reprehenderit magna dolor.', 'https://via.placeholder.com/400/', 'https://via.placeholder.com/400/?text=ICON', '2022-05-09 09:53:43'),
(211, 16, 37.759137, -122.473789, 'Laborum commodo Lorem ex do excepteur. Aliqua minim commodo consequat laborum dolor nostrud id ipsum magna adipisicing elit cupidatat excepteur tempor. Quis pariatur proident anim incididunt in magna labore officia reprehenderit minim quis commodo.', 'https://via.placeholder.com/400/', 'https://via.placeholder.com/400/?text=ICON', '2022-04-11 04:56:29'),
(212, 4, 37.784928, -122.469623, 'Ad officia mollit ea incididunt quis Lorem proident duis anim consectetur eu aliquip. Id consequat esse ea ex fugiat. Ex Lorem Lorem aute nisi eiusmod voluptate aliqua reprehenderit eiusmod labore aliqua.', 'https://via.placeholder.com/400/', 'https://via.placeholder.com/400/?text=ICON', '2022-03-20 05:04:16'),
(213, 18, 37.771986, -122.395616, 'Est officia fugiat aliquip est esse fugiat magna. Aliquip laboris pariatur velit duis amet velit consectetur voluptate fugiat. Ut laboris tempor elit cillum id aliquip magna irure pariatur officia reprehenderit ullamco enim.', 'https://via.placeholder.com/400/', 'https://via.placeholder.com/400/?text=ICON', '2022-01-14 10:43:47'),
(214, 45, 37.760346, -122.475337, 'Quis non laborum cillum in ea occaecat non cupidatat aute ex anim veniam irure. Esse dolor quis fugiat et veniam elit adipisicing eu eu labore incididunt. Qui reprehenderit quis ipsum esse sit sit laboris non commodo duis esse adipisicing ex.', 'https://via.placeholder.com/400/', 'https://via.placeholder.com/400/?text=ICON', '2022-01-03 08:06:36'),
(215, 49, 37.690992, -122.392255, 'Ex magna aliquip incididunt quis. Lorem irure sunt eu consectetur in aute consectetur ea cillum. Adipisicing nulla cupidatat labore sit consequat veniam labore exercitation laborum aliquip veniam amet do exercitation.', 'https://via.placeholder.com/400/', 'https://via.placeholder.com/400/?text=ICON', '2022-03-25 03:42:36'),
(216, 45, 37.733128, -122.397524, 'Excepteur exercitation ad anim amet consectetur aute labore consequat qui occaecat. Quis laborum dolor aute deserunt. Adipisicing ut tempor est dolore do aute aute eiusmod Lorem in nisi ut aute.', 'https://via.placeholder.com/400/', 'https://via.placeholder.com/400/?text=ICON', '2022-02-21 01:19:57'),
(217, 44, 37.783078, -122.493320, 'Id aliqua mollit proident anim Lorem ad nisi reprehenderit laborum consectetur dolor in do. Quis incididunt elit exercitation aliqua qui esse nostrud occaecat in. Et esse mollit aliqua reprehenderit commodo eu mollit sint in sunt eu irure consectetur quis.', 'https://via.placeholder.com/400/', 'https://via.placeholder.com/400/?text=ICON', '2022-01-13 10:03:02'),
(218, 21, 37.740856, -122.431227, 'Lorem sint quis aliqua elit sunt laborum dolore et amet fugiat exercitation reprehenderit. Cupidatat voluptate non deserunt minim sunt ea et commodo. Et nulla ea irure aute ut aliqua esse.', 'https://via.placeholder.com/400/', 'https://via.placeholder.com/400/?text=ICON', '2022-03-18 07:12:59'),
(219, 14, 37.738678, -122.490891, 'Ad duis proident est velit minim voluptate laborum magna non tempor. Sint nisi nulla commodo laborum deserunt voluptate aliquip. Commodo mollit exercitation et ad aute.', 'https://via.placeholder.com/400/', 'https://via.placeholder.com/400/?text=ICON', '2022-03-07 08:39:54'),
(220, 38, 37.728255, -122.461590, 'Cupidatat consectetur officia id enim pariatur ea dolor adipisicing voluptate irure cillum ad Lorem in. Sunt reprehenderit duis quis mollit deserunt tempor ea. Incididunt irure pariatur ea aliquip irure consectetur dolor laboris id tempor.', 'https://via.placeholder.com/400/', 'https://via.placeholder.com/400/?text=ICON', '2022-04-12 01:21:21'),
(221, 9, 37.791516, -122.390716, 'Est est adipisicing occaecat ipsum cillum anim quis aliquip laboris dolore amet do eiusmod sit. Fugiat aute qui consectetur irure cupidatat et minim. Elit aliqua irure deserunt veniam.', 'https://via.placeholder.com/400/', 'https://via.placeholder.com/400/?text=ICON', '2022-03-28 10:34:23'),
(222, 42, 37.783282, -122.413085, 'Quis aute voluptate velit consequat. Exercitation nisi consectetur dolore laboris Lorem aliqua. Velit reprehenderit excepteur fugiat consectetur laborum eu.', 'https://via.placeholder.com/400/', 'https://via.placeholder.com/400/?text=ICON', '2022-02-27 07:24:39'),
(223, 24, 37.728510, -122.437480, 'Sint proident ex tempor nisi qui. Aliquip laboris enim laboris ipsum mollit anim reprehenderit. Consequat qui dolore officia in.', 'https://via.placeholder.com/400/', 'https://via.placeholder.com/400/?text=ICON', '2022-05-03 11:38:04'),
(224, 39, 37.790869, -122.407123, 'Laborum laborum fugiat Lorem magna pariatur dolore incididunt laborum occaecat ut nisi consectetur. Eu laborum labore qui id minim fugiat irure laboris do enim ullamco pariatur veniam. Proident nulla pariatur esse commodo reprehenderit pariatur ut exercitation proident velit aute ex fugiat cillum.', 'https://via.placeholder.com/400/', 'https://via.placeholder.com/400/?text=ICON', '2022-01-19 09:36:52'),
(225, 14, 37.715937, -122.491515, 'Minim do adipisicing irure id occaecat mollit cillum adipisicing aliquip ex proident reprehenderit ipsum. Nostrud sunt excepteur veniam officia labore sunt elit id consequat pariatur amet pariatur consequat deserunt. Non qui officia incididunt ad dolor et ex esse velit consequat mollit.', 'https://via.placeholder.com/400/', 'https://via.placeholder.com/400/?text=ICON', '2022-01-29 10:17:55'),
(226, 45, 37.756322, -122.421578, 'Minim dolore consequat quis est consequat veniam nisi irure Lorem excepteur ut. Cillum adipisicing minim id velit incididunt aliqua nostrud minim adipisicing mollit voluptate proident culpa elit. Reprehenderit excepteur minim consequat mollit nulla aute nisi id velit nulla qui fugiat enim.', 'https://via.placeholder.com/400/', 'https://via.placeholder.com/400/?text=ICON', '2022-03-12 08:00:05'),
(227, 4, 37.707645, -122.409083, 'Velit adipisicing eu incididunt nostrud incididunt. Laboris exercitation non reprehenderit elit proident consectetur ex ad dolore labore deserunt. Fugiat dolore esse ullamco veniam consequat laborum dolore est.', 'https://via.placeholder.com/400/', 'https://via.placeholder.com/400/?text=ICON', '2022-02-11 01:19:44'),
(228, 28, 37.749463, -122.407601, 'Officia ex commodo aliquip in consectetur et id esse ea et aliqua elit. Consectetur elit nostrud amet veniam laboris nulla nulla anim labore laboris et. Magna tempor sit in commodo tempor amet nisi commodo.', 'https://via.placeholder.com/400/', 'https://via.placeholder.com/400/?text=ICON', '2022-02-22 02:28:50'),
(229, 3, 37.757463, -122.494695, 'Sint cillum adipisicing ad non cillum magna ex irure ullamco. Quis sint in sit cupidatat in excepteur elit ullamco mollit non cupidatat. Irure consequat laboris in est qui aliquip aute officia anim veniam pariatur.', 'https://via.placeholder.com/400/', 'https://via.placeholder.com/400/?text=ICON', '2022-05-09 06:57:29'),
(230, 26, 37.788799, -122.474043, 'Officia duis cillum voluptate cupidatat do irure officia. Laborum commodo nisi excepteur occaecat exercitation magna ut officia ex sit elit labore cupidatat minim. Quis sint sit sit adipisicing id ea reprehenderit.', 'https://via.placeholder.com/400/', 'https://via.placeholder.com/400/?text=ICON', '2022-01-13 04:00:48'),
(231, 11, 37.780461, -122.439290, 'Nisi non eiusmod elit laborum adipisicing officia elit consectetur. Incididunt elit nisi occaecat tempor nisi excepteur nostrud. Ipsum pariatur aute velit non laboris mollit amet ullamco ut laboris enim ullamco excepteur nulla.', 'https://via.placeholder.com/400/', 'https://via.placeholder.com/400/?text=ICON', '2022-02-11 11:19:48'),
(232, 36, 37.772256, -122.452357, 'Irure et in et quis eiusmod consequat cupidatat velit. Amet ex officia eiusmod id qui. Pariatur cupidatat eu consectetur proident eiusmod eiusmod mollit id.', 'https://via.placeholder.com/400/', 'https://via.placeholder.com/400/?text=ICON', '2022-04-13 06:47:04'),
(233, 38, 37.694444, -122.395077, 'Sint sint minim est ipsum proident adipisicing est velit eu. Laborum ipsum esse et adipisicing consectetur tempor Lorem ullamco nulla dolor adipisicing occaecat consectetur tempor. Et laborum enim anim elit nisi in enim et exercitation consequat culpa et incididunt fugiat.', 'https://via.placeholder.com/400/', 'https://via.placeholder.com/400/?text=ICON', '2022-03-23 08:20:30'),
(234, 10, 37.789736, -122.455911, 'Ea velit cillum dolor do eu qui magna ex proident. Laboris ullamco mollit ullamco mollit qui magna incididunt magna amet esse excepteur velit labore eiusmod. Proident consequat sint aliqua adipisicing pariatur id eiusmod commodo exercitation amet elit reprehenderit enim veniam.', 'https://via.placeholder.com/400/', 'https://via.placeholder.com/400/?text=ICON', '2022-02-26 05:46:51'),
(235, 21, 37.791105, -122.428822, 'Sunt laborum et dolor mollit reprehenderit enim ad commodo fugiat occaecat ullamco. Elit dolor ipsum ea incididunt. Cillum tempor Lorem nulla et est reprehenderit irure nulla.', 'https://via.placeholder.com/400/', 'https://via.placeholder.com/400/?text=ICON', '2022-03-05 04:36:29'),
(236, 42, 37.799085, -122.440099, 'Consectetur elit magna excepteur reprehenderit deserunt elit officia non dolore proident officia minim ut reprehenderit. Occaecat occaecat duis dolore ex Lorem occaecat incididunt tempor. Aute ex eu minim irure.', 'https://via.placeholder.com/400/', 'https://via.placeholder.com/400/?text=ICON', '2022-03-07 07:58:13'),
(237, 16, 37.712312, -122.500460, 'Qui cupidatat elit do laboris aliqua quis pariatur occaecat aliqua sunt. Non voluptate commodo voluptate elit veniam eu. Adipisicing sit enim amet commodo proident nostrud consectetur occaecat.', 'https://via.placeholder.com/400/', 'https://via.placeholder.com/400/?text=ICON', '2022-02-17 07:14:55'),
(238, 11, 37.730663, -122.488307, 'Ea officia eiusmod tempor cupidatat eiusmod mollit irure adipisicing minim adipisicing sunt. Minim anim laborum pariatur est duis proident in. Reprehenderit eu cillum eiusmod esse aliquip velit incididunt deserunt id.', 'https://via.placeholder.com/400/', 'https://via.placeholder.com/400/?text=ICON', '2022-01-15 02:00:02'),
(239, 34, 37.785647, -122.470720, 'Dolore fugiat aliqua voluptate eiusmod. Duis aliquip ullamco officia labore reprehenderit exercitation eiusmod veniam consequat. Sunt id aliquip culpa minim minim dolore sit minim occaecat id.', 'https://via.placeholder.com/400/', 'https://via.placeholder.com/400/?text=ICON', '2022-04-13 04:27:43'),
(240, 21, 37.730713, -122.467944, 'Laborum excepteur enim Lorem minim incididunt laborum reprehenderit. Deserunt elit eu anim dolore fugiat mollit proident laboris nulla amet reprehenderit eiusmod ullamco duis. Id sint exercitation occaecat consectetur aliquip deserunt officia dolore occaecat.', 'https://via.placeholder.com/400/', 'https://via.placeholder.com/400/?text=ICON', '2022-02-11 12:58:15'),
(241, 4, 37.757618, -122.460026, 'Laboris laborum duis sunt commodo ipsum cupidatat duis eiusmod. Fugiat anim sit elit enim eu tempor labore occaecat. Lorem mollit officia aliquip ut non adipisicing incididunt dolore in ullamco nulla enim sunt duis.', 'https://via.placeholder.com/400/', 'https://via.placeholder.com/400/?text=ICON', '2022-02-22 09:54:24'),
(242, 5, 37.801041, -122.462045, 'Excepteur fugiat sunt voluptate ipsum consectetur Lorem. Veniam sunt enim aliqua aute cupidatat ullamco in. Eu excepteur aliquip ex laborum culpa et officia dolor exercitation fugiat.', 'https://via.placeholder.com/400/', 'https://via.placeholder.com/400/?text=ICON', '2022-01-11 04:01:38'),
(243, 8, 37.747884, -122.439485, 'Elit commodo consectetur anim fugiat ipsum quis. Et sunt enim excepteur elit pariatur aute cupidatat cillum. Exercitation sunt dolore et laborum laborum proident deserunt laboris id cillum ad dolore eu.', 'https://via.placeholder.com/400/', 'https://via.placeholder.com/400/?text=ICON', '2022-03-10 11:09:59'),
(244, 14, 37.767073, -122.505573, 'Voluptate mollit aliquip consectetur ea cupidatat eu quis sunt nostrud. Dolore reprehenderit id Lorem irure id nulla qui deserunt ut quis aliqua ea. Minim reprehenderit nostrud ullamco tempor culpa et nisi consectetur aliquip sint.', 'https://via.placeholder.com/400/', 'https://via.placeholder.com/400/?text=ICON', '2022-03-26 03:06:43'),
(245, 13, 37.794649, -122.445568, 'Fugiat tempor pariatur esse adipisicing pariatur eu. Eiusmod commodo tempor adipisicing culpa proident veniam qui ullamco amet. Commodo officia labore duis tempor incididunt labore qui.', 'https://via.placeholder.com/400/', 'https://via.placeholder.com/400/?text=ICON', '2022-03-10 09:02:51'),
(246, 8, 37.767565, -122.494152, 'Reprehenderit dolore consequat officia id duis aliqua consequat laboris anim laborum occaecat proident. Aliquip do cillum consectetur consequat duis tempor. Eiusmod ut incididunt amet consequat irure labore dolor nostrud culpa aliquip aliqua dolore cillum.', 'https://via.placeholder.com/400/', 'https://via.placeholder.com/400/?text=ICON', '2022-03-15 06:46:16'),
(247, 27, 37.698444, -122.396721, 'Et Lorem cupidatat laboris reprehenderit in commodo ipsum consequat mollit incididunt. Adipisicing consectetur labore id enim. Nulla sunt non eiusmod dolore ipsum mollit deserunt ea enim minim.', 'https://via.placeholder.com/400/', 'https://via.placeholder.com/400/?text=ICON', '2022-04-07 03:36:01'),
(248, 36, 37.729275, -122.424949, 'Veniam esse consectetur pariatur ex aliquip incididunt cupidatat esse labore duis non pariatur Lorem. Esse cupidatat do veniam ipsum. Anim cupidatat sint culpa excepteur ex nisi.', 'https://via.placeholder.com/400/', 'https://via.placeholder.com/400/?text=ICON', '2022-04-07 06:35:20'),
(249, 42, 37.771570, -122.462958, 'Minim cupidatat culpa enim incididunt nostrud duis dolor occaecat consequat cillum. Mollit commodo elit ad amet minim irure proident mollit eiusmod laboris laborum dolor. Enim ad esse dolor adipisicing adipisicing aliqua nostrud elit ea.', 'https://via.placeholder.com/400/', 'https://via.placeholder.com/400/?text=ICON', '2022-02-09 06:27:50'),
(250, 16, 37.767031, -122.488795, 'Ad pariatur reprehenderit nostrud id minim laboris nulla ut fugiat cillum nostrud. Aliqua excepteur ut ipsum proident. Esse tempor aute aliqua sit reprehenderit ullamco.', 'https://via.placeholder.com/400/', 'https://via.placeholder.com/400/?text=ICON', '2022-04-10 12:55:53'),
(251, 51, 37.729792, -122.433357, 'Met him on a walk', 'https://via.placeholder.com/400/?text=PHOTO', 'https://via.placeholder.com/400/?text=ICON', '2022-05-10 16:16:18'),
(252, 30, 37.778313, -122.478075, 'Really good boi', 'https://via.placeholder.com/400/?text=PHOTO', 'https://via.placeholder.com/400/?text=ICON', '2022-05-10 18:43:27'),
(253, 54, 37.792151, -122.460909, 'Clingy and friendly ', 'https://via.placeholder.com/400/?text=PHOTO', 'https://via.placeholder.com/400/?text=ICON', '2022-05-10 18:51:59'),
(254, 41, 37.743868, -122.458999, 'booop\n', 'https://via.placeholder.com/400/?text=PHOTO', 'https://via.placeholder.com/400/?text=ICON', '2022-05-16 16:03:54'),
(255, 53, 37.793891, -122.414968, 'boop', 'https://via.placeholder.com/400/?text=PHOTO', 'https://via.placeholder.com/400/?text=ICON', '2022-05-17 20:08:06'),
(256, 55, 37.806700, -122.412117, 'boop', 'https://via.placeholder.com/400/?text=PHOTO', 'https://via.placeholder.com/400/?text=ICON', '2022-05-17 20:09:55'),
(257, 63, 37.549671, -122.324311, 'home', 'https://via.placeholder.com/400/?text=PHOTO', 'https://via.placeholder.com/400/?text=ICON', '2022-05-23 12:54:01'),
(258, 55, 37.769080, -122.436705, 'rr', 'https://via.placeholder.com/400/?text=PHOTO', 'https://via.placeholder.com/400/?text=ICON', '2022-05-23 13:16:10'),
(259, 64, 37.240646, -121.832718, 'wooo', 'https://via.placeholder.com/400/?text=PHOTO', 'https://via.placeholder.com/400/?text=ICON', '2022-05-24 14:38:13'),
(260, 64, 37.277946, -121.810398, 'wooooooo', 'https://via.placeholder.com/400/?text=PHOTO', 'https://via.placeholder.com/400/?text=ICON', '2022-05-24 14:40:44'),
(261, 57, 37.761372, -122.415447, 'Met Wasabi at the dog show.', 'https://via.placeholder.com/400/?text=PHOTO', 'https://via.placeholder.com/400/?text=ICON', '2022-05-24 14:59:34'),
(262, 56, 37.837907, -122.477669, 'Met Archie at the Poodle Meetup', 'https://via.placeholder.com/400/?text=PHOTO', 'https://via.placeholder.com/400/?text=ICON', '2022-05-24 15:00:18'),
(263, 23, 37.657018, -122.407056, '', 'https://via.placeholder.com/400/?text=PHOTO', 'https://via.placeholder.com/400/?text=ICON', '2022-05-24 15:01:56'),
(264, 55, 37.616059, -122.387227, 'Arrival', 'https://via.placeholder.com/400/?text=PHOTO', 'https://via.placeholder.com/400/?text=ICON', '2022-05-24 15:34:54'),
(265, 64, 37.706845, -122.413868, 'lll', 'https://via.placeholder.com/400/?text=PHOTO', 'https://via.placeholder.com/400/?text=ICON', '2022-05-24 16:01:31');

-- --------------------------------------------------------

--
-- Table structure for table `doglog_users`
--

CREATE TABLE `doglog_users` (
  `id` int(13) NOT NULL,
  `name` varchar(64) NOT NULL,
  `username` varchar(64) NOT NULL,
  `email` varchar(128) NOT NULL,
  `favorite` varchar(64) NOT NULL,
  `password` varchar(32) NOT NULL,
  `img` varchar(256) NOT NULL,
  `date_create` datetime NOT NULL
) ENGINE=InnoDB DEFAULT CHARSET=latin1;

--
-- Dumping data for table `doglog_users`
--

INSERT INTO `doglog_users` (`id`, `name`, `username`, `email`, `favorite`, `password`, `img`, `date_create`) VALUES
(1, 'Norris Garner', 'user1', 'user1@gmail.com', 'Husky', '1a1dc91c907325c69271ddf0c944bc72', 'https://via.placeholder.com/400/865/fff/?text=user1', '2022-03-23 04:50:23'),
(2, 'Desiree Strickland', 'user2', 'user2@gmail.com', 'Poodle', '1a1dc91c907325c69271ddf0c944bc72', 'uploads/1652837623.375_ferrarifront.jpeg', '2022-02-20 09:06:57'),
(3, 'Wendi Bennett', 'user3', 'user3@gmail.com', 'Retriever', '1a1dc91c907325c69271ddf0c944bc72', 'https://via.placeholder.com/400/908/fff/?text=user3', '2022-01-19 05:12:54'),
(4, 'Greta Charles', 'user4', 'user4@gmail.com', 'Retriever', '1a1dc91c907325c69271ddf0c944bc72', 'https://via.placeholder.com/400/767/fff/?text=user4', '2022-03-07 06:51:41'),
(5, 'Little Harmon', 'user5', 'user5@gmail.com', 'Poodle', '1a1dc91c907325c69271ddf0c944bc72', 'https://via.placeholder.com/400/906/fff/?text=user5', '2022-01-11 08:57:09'),
(6, 'Annmarie Maynard', 'user6', 'user6@gmail.com', 'Retriever', '1a1dc91c907325c69271ddf0c944bc72', 'https://via.placeholder.com/400/944/fff/?text=user6', '2022-05-03 05:26:35'),
(7, 'Phillips Webster', 'user7', 'user7@gmail.com', 'Bulldog', '1a1dc91c907325c69271ddf0c944bc72', 'https://via.placeholder.com/400/925/fff/?text=user7', '2022-05-07 03:10:24'),
(8, 'Wilson Richardson', 'user8', 'user8@gmail.com', 'Bulldog', '1a1dc91c907325c69271ddf0c944bc72', 'https://via.placeholder.com/400/993/fff/?text=user8', '2022-01-29 03:10:21'),
(9, 'Allen Bolton', 'user9', 'user9@gmail.com', 'Retriever', '1a1dc91c907325c69271ddf0c944bc72', 'https://via.placeholder.com/400/995/fff/?text=user9', '2022-01-27 01:29:24'),
(10, 'Rivera Carey', 'user10', 'user10@gmail.com', 'Pug', '1a1dc91c907325c69271ddf0c944bc72', 'https://via.placeholder.com/400/713/fff/?text=user10', '2022-04-11 04:22:45'),
(11, '', 'drew', 'andrewtirtha@gmail.com', '', '202cb962ac59075b964b07152d234b70', 'https://via.placeholder.com/400/?text=USER', '2022-05-10 15:36:17'),
(12, '', 'Archie', 'janice.angeline@gmail.com', '', '454173728b4b9fe685759d12e8a4c9de', 'https://via.placeholder.com/400/?text=USER', '2022-05-10 18:48:54'),
(13, 'andrew tirtha', 'hoboren', '123@gmail.com', '', '1a1dc91c907325c69271ddf0c944bc72', 'uploads/1653419838.9266_use.png', '2022-05-17 19:28:44'),
(14, '', 'janice', 'janice.angeline+1@gmail.com', '', 'd914e3ecf6cc481114a3f534a5faf90b', '', '2022-05-23 10:34:16'),
(15, '', 'user11', '1234@gmail.com', '', '1a1dc91c907325c69271ddf0c944bc72', 'https://via.placeholder.com/400/?text=USER', '2022-05-24 15:23:04');

--
-- Indexes for dumped tables
--

--
-- Indexes for table `doglog_animals`
--
ALTER TABLE `doglog_animals`
  ADD PRIMARY KEY (`id`);

--
-- Indexes for table `doglog_locations`
--
ALTER TABLE `doglog_locations`
  ADD PRIMARY KEY (`id`);

--
-- Indexes for table `doglog_users`
--
ALTER TABLE `doglog_users`
  ADD PRIMARY KEY (`id`);

--
-- AUTO_INCREMENT for dumped tables
--

--
-- AUTO_INCREMENT for table `doglog_animals`
--
ALTER TABLE `doglog_animals`
  MODIFY `id` int(13) NOT NULL AUTO_INCREMENT, AUTO_INCREMENT=68;

--
-- AUTO_INCREMENT for table `doglog_locations`
--
ALTER TABLE `doglog_locations`
  MODIFY `id` int(13) NOT NULL AUTO_INCREMENT, AUTO_INCREMENT=266;

--
-- AUTO_INCREMENT for table `doglog_users`
--
ALTER TABLE `doglog_users`
  MODIFY `id` int(13) NOT NULL AUTO_INCREMENT, AUTO_INCREMENT=16;
COMMIT;

/*!40101 SET CHARACTER_SET_CLIENT=@OLD_CHARACTER_SET_CLIENT */;
/*!40101 SET CHARACTER_SET_RESULTS=@OLD_CHARACTER_SET_RESULTS */;
/*!40101 SET COLLATION_CONNECTION=@OLD_COLLATION_CONNECTION */;
